Workbook

Sheet Info
A1: SIM Type
A2: Nano SIM
A3: Standard SIM card
A4: Mini SIM
A5: eSiM
A6: Integrated SIM
A7: Nano SIM vs Micro SIM
A8: Micro SIM
A9: 3FF SIM card
A10: MFF2 SIM card
A11: Standard SIM
A12: Comparing Sim Card Sizes
... A17: Full SIM card

Sheet EMP Info
A1: Employee Code | B1: Full name | C1: Department | D1: Designation
A2: 00005 | B2: Sandip Nivrutti Jadhav | C2: Boiler | D2: Jr. Officer
A3: 00006 | B3: Pandit Mahadeo Hanjage | C3: Production | D3: Officer
A4: 00012 | B4: Arvind Tanaji Devkar | C4: PD Lab | D4: Officer
A5: 00014 | B5: Prashant Sukhdev Ingle | C5: HR | D5: HR Associate
A6: 00015 | B6: Ulhas Dilip Byale | C6: QC & QA | D6: Sr. Executive
A7: 00022 | B7: Savala Jagannath Kumbhar | C7: Electrical | D7: Executive
A8: 00030 | B8: Ravindra Vitthal Kashid | C8: Electrical | D8: Officer
A9: 00032 | B9: Shital Ramchandra Sathe | C9: Production | D9: Production Associate
A10: 00035 | B10: Krishna Balaprasad Kushwaha | C10: Production | D10: Production Associate
A11: 00039 | B11: Shrishail Shantappa Mali | C11: Maintenance | D11: Jr.Officer
A12: 00041 | B12: Arjun Guruling Wale | C12: Production | D12: Asst.General Manager
... A302: D0002 | B302: Vikas Mangilal Shah | C302: Management | D302: Director

Sheet VI
A1: Sr. No. | B1: Mobile Number | C1: Employee Code | D1: Employee Name | E1: Employee Dept. | F1: Sub User / Area of Uses | G1: Old Employee Name | H1: Old Employee Dept. | I1: Mobile Type | J1: Mobile Make & Model | K1: Purchase Date | L1: In Warranty | M1: Warranty Date | N1: Purchase From | O1: IMEI_1 | P1: IMEI_2 | Q1: Battery Number | R1: Sim Type | S1: SIM ID No. | T1: SIM 2 ID No. | U1: Mobile Number Status | V1: Remark
A2: =ROW()-ROW(Vi_SIM_Mobile[[#Headers],[Sr. No.]]) -> 1 | B2: 9371091004 | C2: 0 | D2: =IF(Vi_SIM_Mobile[[#This Row],[Employee Code]]=0,"-",IFERROR(IF(INDEX('EMP Info'!$B:$B, MATCH(TEXT(Vi_SIM_Mobile[[#This Row],[Employee Code]],"00000"), 'EMP Info'!$A:$A, 0))=0,"",INDEX('EMP Info'!$B:$B, MATCH(TEXT(Vi_SIM_Mobile[[#This Row],[Employee Code]],"00000"), 'EMP Info'!$A:$A, 0))),IFERROR(VLOOKUP(TEXT(Vi_SIM_Mobile[[#This Row],[Employee Code]],"00000"), 'EMP Info'!$A:$D, 2, FALSE) & " (" & VLOOKUP(TEXT(Vi_SIM_Mobile[[#This Row],[Employee Code]],"00000"), 'EMP Info'!$A:$D,4, FALSE) & ")",""))) -> - | E2: =IF(Vi_SIM_Mobile[[#This Row],[Employee Code]]=0,"-",IFERROR(IF(INDEX('EMP Info'!$C:$C, MATCH(TEXT(Vi_SIM_Mobile[[#This Row],[Employee Code]],"00000"), 'EMP Info'!$A:$A, 0))=0,"",INDEX('EMP Info'!$C:$C, MATCH(TEXT(Vi_SIM_Mobile[[#This Row],[Employee Code]],"00000"), 'EMP Info'!$A:$A, 0))),IFERROR(VLOOKUP(TEXT(Vi_SIM_Mobile[[#This Row],[Employee Code]],"00000"), 'EMP Info'!$A:$D, 2, FALSE) & " (" & VLOOKUP(TEXT(Vi_SIM_Mobile[[#This Row],[Employee Code]],"00000"), 'EMP Info'!$A:$D,4, FALSE) & ")",""))) -> - | I2: Basic Keypad Phone | J2: Itel | L2: =IFERROR(IF(Vi_SIM_Mobile[[#This Row],[Warranty Date]]<TODAY(), "Out of Warranty", IF(Vi_SIM_Mobile[[#This Row],[Warranty Date]]-TODAY()<=30, "Expiring Soon", "In Warranty")),"-") -> - | M2: =IFERROR(IF(Vi_SIM_Mobile[[#This Row],[Purchase Date]]="","NA",EDATE(Vi_SIM_Mobile[[#This Row],[Purchase Date]],12)),"NA") -> NA | S2: 89910273409140972230 | U2: Activated
A3: =ROW()-ROW(Vi_SIM_Mobile[[#Headers],[Sr. No.]]) -> 2 | B3: 9371091006 | D3: =IF(Vi_SIM_Mobile[[#This Row],[Employee Code]]=0,"-",IFERROR(IF(INDEX('EMP Info'!$B:$B, MATCH(TEXT(Vi_SIM_Mobile[[#This Row],[Employee Code]],"00000"), 'EMP Info'!$A:$A, 0))=0,"",INDEX('EMP Info'!$B:$B, MATCH(TEXT(Vi_SIM_Mobile[[#This Row],[Employee Code]],"00000"), 'EMP Info'!$A:$A, 0))),IFERROR(VLOOKUP(TEXT(Vi_SIM_Mobile[[#This Row],[Employee Code]],"00000"), 'EMP Info'!$A:$D, 2, FALSE) & " (" & VLOOKUP(TEXT(Vi_SIM_Mobile[[#This Row],[Employee Code]],"00000"), 'EMP Info'!$A:$D,4, FALSE) & ")",""))) -> - | E3: =IF(Vi_SIM_Mobile[[#This Row],[Employee Code]]=0,"-",IFERROR(IF(INDEX('EMP Info'!$C:$C, MATCH(TEXT(Vi_SIM_Mobile[[#This Row],[Employee Code]],"00000"), 'EMP Info'!$A:$A, 0))=0,"",INDEX('EMP Info'!$C:$C, MATCH(TEXT(Vi_SIM_Mobile[[#This Row],[Employee Code]],"00000"), 'EMP Info'!$A:$A, 0))),IFERROR(VLOOKUP(TEXT(Vi_SIM_Mobile[[#This Row],[Employee Code]],"00000"), 'EMP Info'!$A:$D, 2, FALSE) & " (" & VLOOKUP(TEXT(Vi_SIM_Mobile[[#This Row],[Employee Code]],"00000"), 'EMP Info'!$A:$D,4, FALSE) & ")",""))) -> - | J3: - | L3: =IFERROR(IF(Vi_SIM_Mobile[[#This Row],[Warranty Date]]<TODAY(), "Out of Warranty", IF(Vi_SIM_Mobile[[#This Row],[Warranty Date]]-TODAY()<=30, "Expiring Soon", "In Warranty")),"-") -> - | M3: =IFERROR(IF(Vi_SIM_Mobile[[#This Row],[Purchase Date]]="","NA",EDATE(Vi_SIM_Mobile[[#This Row],[Purchase Date]],12)),"NA") -> NA | U3: Inactive
A4: =ROW()-ROW(Vi_SIM_Mobile[[#Headers],[Sr. No.]]) -> 3 | B4: 9371091014 | C4: 473 | D4: =IF(Vi_SIM_Mobile[[#This Row],[Employee Code]]=0,"-",IFERROR(IF(INDEX('EMP Info'!$B:$B, MATCH(TEXT(Vi_SIM_Mobile[[#This Row],[Employee Code]],"00000"), 'EMP Info'!$A:$A, 0))=0,"",INDEX('EMP Info'!$B:$B, MATCH(TEXT(Vi_SIM_Mobile[[#This Row],[Employee Code]],"00000"), 'EMP Info'!$A:$A, 0))),IFERROR(VLOOKUP(TEXT(Vi_SIM_Mobile[[#This Row],[Employee Code]],"00000"), 'EMP Info'!$A:$D, 2, FALSE) & " (" & VLOOKUP(TEXT(Vi_SIM_Mobile[[#This Row],[Employee Code]],"00000"), 'EMP Info'!$A:$D,4, FALSE) & ")",""))) -> Bhagyawan Chandrakant Gaikwad | E4: =IF(Vi_SIM_Mobile[[#This Row],[Employee Code]]=0,"-",IFERROR(IF(INDEX('EMP Info'!$C:$C, MATCH(TEXT(Vi_SIM_Mobile[[#This Row],[Employee Code]],"00000"), 'EMP Info'!$A:$A, 0))=0,"",INDEX('EMP Info'!$C:$C, MATCH(TEXT(Vi_SIM_Mobile[[#This Row],[Employee Code]],"00000"), 'EMP Info'!$A:$A, 0))),IFERROR(VLOOKUP(TEXT(Vi_SIM_Mobile[[#This Row],[Employee Code]],"00000"), 'EMP Info'!$A:$D, 2, FALSE) & " (" & VLOOKUP(TEXT(Vi_SIM_Mobile[[#This Row],[Employee Code]],"00000"), 'EMP Info'!$A:$D,4, FALSE) & ")",""))) -> Production | F4: Self | G4: - | H4: - | I4: Smartphone | J4: Samsung A16 | K4: 45900 | L4: =IFERROR(IF(Vi_SIM_Mobile[[#This Row],[Warranty Date]]<TODAY(), "Out of Warranty", IF(Vi_SIM_Mobile[[#This Row],[Warranty Date]]-TODAY()<=30, "Expiring Soon", "In Warranty")),"-") -> Out of Warranty | M4: =IFERROR(IF(Vi_SIM_Mobile[[#This Row],[Purchase Date]]="","NA",EDATE(Vi_SIM_Mobile[[#This Row],[Purchase Date]],12)),"NA") -> 46265 | N4: Chinmay Mobile Shopee | O4: 352456889188866 | P4: 354076819188865 | Q4: In-build | R4: Nano SIM | S4: 89910276709000963907 | U4: Activated
A5: =ROW()-ROW(Vi_SIM_Mobile[[#Headers],[Sr. No.]]) -> 4 | B5: 9371091016 | C5: 724 | D5: =IF(Vi_SIM_Mobile[[#This Row],[Employee Code]]=0,"-",IFERROR(IF(INDEX('EMP Info'!$B:$B, MATCH(TEXT(Vi_SIM_Mobile[[#This Row],[Employee Code]],"00000"), 'EMP Info'!$A:$A, 0))=0,"",INDEX('EMP Info'!$B:$B, MATCH(TEXT(Vi_SIM_Mobile[[#This Row],[Employee Code]],"00000"), 'EMP Info'!$A:$A, 0))),IFERROR(VLOOKUP(TEXT(Vi_SIM_Mobile[[#This Row],[Employee Code]],"00000"), 'EMP Info'!$A:$D, 2, FALSE) & " (" & VLOOKUP(TEXT(Vi_SIM_Mobile[[#This Row],[Employee Code]],"00000"), 'EMP Info'!$A:$D,4, FALSE) & ")",""))) -> Jitendra Balkrushna Navarkar | E5: =IF(Vi_SIM_Mobile[[#This Row],[Employee Code]]=0,"-",IFERROR(IF(INDEX('EMP Info'!$C:$C, MATCH(TEXT(Vi_SIM_Mobile[[#This Row],[Employee Code]],"00000"), 'EMP Info'!$A:$A, 0))=0,"",INDEX('EMP Info'!$C:$C, MATCH(TEXT(Vi_SIM_Mobile[[#This Row],[Employee Code]],"00000"), 'EMP Info'!$A:$A, 0))),IFERROR(VLOOKUP(TEXT(Vi_SIM_Mobile[[#This Row],[Employee Code]],"00000"), 'EMP Info'!$A:$D, 2, FALSE) & " (" & VLOOKUP(TEXT(Vi_SIM_Mobile[[#This Row],[Employee Code]],"00000"), 'EMP Info'!$A:$D,4, FALSE) & ")",""))) -> PD Lab | F5: Self | G5: Manish Gordhanbhai Tilala | H5: Production | I5: Smartphone | J5: Samsung A16 | K5: 45900 | L5: =IFERROR(IF(Vi_SIM_Mobile[[#This Row],[Warranty Date]]<TODAY(), "Out of Warranty", IF(Vi_SIM_Mobile[[#This Row],[Warranty Date]]-TODAY()<=30, "Expiring Soon", "In Warranty")),"-") -> Out of Warranty | M5: =IFERROR(IF(Vi_SIM_Mobile[[#This Row],[Purchase Date]]="","NA",EDATE(Vi_SIM_Mobile[[#This Row],[Purchase Date]],12)),"NA") -> 46265 | N5: Chinmay Mobile Shopee | O5: 352456889241582 | P5: 354076819241581 | Q5: In-build | R5: Nano SIM | S5: 89910276709000963683 | U5: Activated
A6: =ROW()-ROW(Vi_SIM_Mobile[[#Headers],[Sr. No.]]) -> 5 | B6: 9371091017 | C6: 399 | D6: =IF(Vi_SIM_Mobile[[#This Row],[Employee Code]]=0,"-",IFERROR(IF(INDEX('EMP Info'!$B:$B, MATCH(TEXT(Vi_SIM_Mobile[[#This Row],[Employee Code]],"00000"), 'EMP Info'!$A:$A, 0))=0,"",INDEX('EMP Info'!$B:$B, MATCH(TEXT(Vi_SIM_Mobile[[#This Row],[Employee Code]],"00000"), 'EMP Info'!$A:$A, 0))),IFERROR(VLOOKUP(TEXT(Vi_SIM_Mobile[[#This Row],[Employee Code]],"00000"), 'EMP Info'!$A:$D, 2, FALSE) & " (" & VLOOKUP(TEXT(Vi_SIM_Mobile[[#This Row],[Employee Code]],"00000"), 'EMP Info'!$A:$D,4, FALSE) & ")",""))) -> Sangram Shrikant Dhavane | E6: =IF(Vi_SIM_Mobile[[#This Row],[Employee Code]]=0,"-",IFERROR(IF(INDEX('EMP Info'!$C:$C, MATCH(TEXT(Vi_SIM_Mobile[[#This Row],[Employee Code]],"00000"), 'EMP Info'!$A:$A, 0))=0,"",INDEX('EMP Info'!$C:$C, MATCH(TEXT(Vi_SIM_Mobile[[#This Row],[Employee Code]],"00000"), 'EMP Info'!$A:$A, 0))),IFERROR(VLOOKUP(TEXT(Vi_SIM_Mobile[[#This Row],[Employee Code]],"00000"), 'EMP Info'!$A:$D, 2, FALSE) & " (" & VLOOKUP(TEXT(Vi_SIM_Mobile[[#This Row],[Employee Code]],"00000"), 'EMP Info'!$A:$D,4, FALSE) & ")",""))) -> Store | F6: E16 Engineering Store | G6: - | H6: - | I6: Basic Keypad Phone | J6: HMD 105 4G | K6: 45826 | L6: =IFERROR(IF(Vi_SIM_Mobile[[#This Row],[Warranty Date]]<TODAY(), "Out of Warranty", IF(Vi_SIM_Mobile[[#This Row],[Warranty Date]]-TODAY()<=30, "Expiring Soon", "In Warranty")),"-") -> Out of Warranty | M6: =IFERROR(IF(Vi_SIM_Mobile[[#This Row],[Purchase Date]]="","NA",EDATE(Vi_SIM_Mobile[[#This Row],[Purchase Date]],12)),"NA") -> 46191 | N6: Chinmay Mobile Shopee | O6: 359926420836812 | P6: 359926425836817 | Q6: UA01000911003253240110377 | R6: Nano SIM | S6: 89910276709000962545 | U6: Activated
A7: =ROW()-ROW(Vi_SIM_Mobile[[#Headers],[Sr. No.]]) -> 6 | B7: 9371091018 | C7: 0 | D7: =IF(Vi_SIM_Mobile[[#This Row],[Employee Code]]=0,"-",IFERROR(IF(INDEX('EMP Info'!$B:$B, MATCH(TEXT(Vi_SIM_Mobile[[#This Row],[Employee Code]],"00000"), 'EMP Info'!$A:$A, 0))=0,"",INDEX('EMP Info'!$B:$B, MATCH(TEXT(Vi_SIM_Mobile[[#This Row],[Employee Code]],"00000"), 'EMP Info'!$A:$A, 0))),IFERROR(VLOOKUP(TEXT(Vi_SIM_Mobile[[#This Row],[Employee Code]],"00000"), 'EMP Info'!$A:$D, 2, FALSE) & " (" & VLOOKUP(TEXT(Vi_SIM_Mobile[[#This Row],[Employee Code]],"00000"), 'EMP Info'!$A:$D,4, FALSE) & ")",""))) -> - | E7: =IF(Vi_SIM_Mobile[[#This Row],[Employee Code]]=0,"-",IFERROR(IF(INDEX('EMP Info'!$C:$C, MATCH(TEXT(Vi_SIM_Mobile[[#This Row],[Employee Code]],"00000"), 'EMP Info'!$A:$A, 0))=0,"",INDEX('EMP Info'!$C:$C, MATCH(TEXT(Vi_SIM_Mobile[[#This Row],[Employee Code]],"00000"), 'EMP Info'!$A:$A, 0))),IFERROR(VLOOKUP(TEXT(Vi_SIM_Mobile[[#This Row],[Employee Code]],"00000"), 'EMP Info'!$A:$D, 2, FALSE) & " (" & VLOOKUP(TEXT(Vi_SIM_Mobile[[#This Row],[Employee Code]],"00000"), 'EMP Info'!$A:$D,4, FALSE) & ")",""))) -> - | F7: - | G7: Shahnawaz Ahmad Nadaf | H7: Maintenance | I7: Basic Keypad Phone | J7: HMD 105 4G | K7: 45787 | L7: =IFERROR(IF(Vi_SIM_Mobile[[#This Row],[Warranty Date]]<TODAY(), "Out of Warranty", IF(Vi_SIM_Mobile[[#This Row],[Warranty Date]]-TODAY()<=30, "Expiring Soon", "In Warranty")),"-") -> Out of Warranty | M7: =IFERROR(IF(Vi_SIM_Mobile[[#This Row],[Purchase Date]]="","NA",EDATE(Vi_SIM_Mobile[[#This Row],[Purchase Date]],12)),"NA") -> 46152 | N7: Chinmay Mobile Shopee | O7: 359926420135553 | P7: 359926425135558 | Q7: UA0100091100324A090155735 | R7: Nano SIM | S7: 89910276709000962867 | U7: Activated
A8: =ROW()-ROW(Vi_SIM_Mobile[[#Headers],[Sr. No.]]) -> 7 | B8: 9371091019 | C8: 603 | D8: =IF(Vi_SIM_Mobile[[#This Row],[Employee Code]]=0,"-",IFERROR(IF(INDEX('EMP Info'!$B:$B, MATCH(TEXT(Vi_SIM_Mobile[[#This Row],[Employee Code]],"00000"), 'EMP Info'!$A:$A, 0))=0,"",INDEX('EMP Info'!$B:$B, MATCH(TEXT(Vi_SIM_Mobile[[#This Row],[Employee Code]],"00000"), 'EMP Info'!$A:$A, 0))),IFERROR(VLOOKUP(TEXT(Vi_SIM_Mobile[[#This Row],[Employee Code]],"00000"), 'EMP Info'!$A:$D, 2, FALSE) & " (" & VLOOKUP(TEXT(Vi_SIM_Mobile[[#This Row],[Employee Code]],"00000"), 'EMP Info'!$A:$D,4, FALSE) & ")",""))) -> Dattatray Deepak Chavan | E8: =IF(Vi_SIM_Mobile[[#This Row],[Employee Code]]=0,"-",IFERROR(IF(INDEX('EMP Info'!$C:$C, MATCH(TEXT(Vi_SIM_Mobile[[#This Row],[Employee Code]],"00000"), 'EMP Info'!$A:$A, 0))=0,"",INDEX('EMP Info'!$C:$C, MATCH(TEXT(Vi_SIM_Mobile[[#This Row],[Employee Code]],"00000"), 'EMP Info'!$A:$A, 0))),IFERROR(VLOOKUP(TEXT(Vi_SIM_Mobile[[#This Row],[Employee Code]],"00000"), 'EMP Info'!$A:$D, 2, FALSE) & " (" & VLOOKUP(TEXT(Vi_SIM_Mobile[[#This Row],[Employee Code]],"00000"), 'EMP Info'!$A:$D,4, FALSE) & ")",""))) -> Maintenance | F8: Self | G8: - | H8: - | I8: Smartphone | J8: Motorola Moto G85 5G | K8: 45815 | L8: =IFERROR(IF(Vi_SIM_Mobile[[#This Row],[Warranty Date]]<TODAY(), "Out of Warranty", IF(Vi_SIM_Mobile[[#This Row],[Warranty Date]]-TODAY()<=30, "Expiring Soon", "In Warranty")),"-") -> Out of Warranty | M8: =IFERROR(IF(Vi_SIM_Mobile[[#This Row],[Purchase Date]]="","NA",EDATE(Vi_SIM_Mobile[[#This Row],[Purchase Date]],12)),"NA") -> 46180 | O8: 350794154538510 / 10 | P8: 350794154538528 / 10 | R8: Nano SIM | S8: 89910276709000295367 | U8: Activated
A9: =ROW()-ROW(Vi_SIM_Mobile[[#Headers],[Sr. No.]]) -> 8 | B9: 9371091035 | C9: 679 | D9: =IF(Vi_SIM_Mobile[[#This Row],[Employee Code]]=0,"-",IFERROR(IF(INDEX('EMP Info'!$B:$B, MATCH(TEXT(Vi_SIM_Mobile[[#This Row],[Employee Code]],"00000"), 'EMP Info'!$A:$A, 0))=0,"",INDEX('EMP Info'!$B:$B, MATCH(TEXT(Vi_SIM_Mobile[[#This Row],[Employee Code]],"00000"), 'EMP Info'!$A:$A, 0))),IFERROR(VLOOKUP(TEXT(Vi_SIM_Mobile[[#This Row],[Employee Code]],"00000"), 'EMP Info'!$A:$D, 2, FALSE) & " (" & VLOOKUP(TEXT(Vi_SIM_Mobile[[#This Row],[Employee Code]],"00000"), 'EMP Info'!$A:$D,4, FALSE) & ")",""))) -> Nagesh Sharanappa Gangade | E9: =IF(Vi_SIM_Mobile[[#This Row],[Employee Code]]=0,"-",IFERROR(IF(INDEX('EMP Info'!$C:$C, MATCH(TEXT(Vi_SIM_Mobile[[#This Row],[Employee Code]],"00000"), 'EMP Info'!$A:$A, 0))=0,"",INDEX('EMP Info'!$C:$C, MATCH(TEXT(Vi_SIM_Mobile[[#This Row],[Employee Code]],"00000"), 'EMP Info'!$A:$A, 0))),IFERROR(VLOOKUP(TEXT(Vi_SIM_Mobile[[#This Row],[Employee Code]],"00000"), 'EMP Info'!$A:$D, 2, FALSE) & " (" & VLOOKUP(TEXT(Vi_SIM_Mobile[[#This Row],[Employee Code]],"00000"), 'EMP Info'!$A:$D,4, FALSE) & ")",""))) -> Instrument | F9: Self | G9: - | H9: - | I9: Basic Keypad Phone | J9: HMD 105 4G | K9: 45965 | L9: =IFERROR(IF(Vi_SIM_Mobile[[#This Row],[Warranty Date]]<TODAY(), "Out of Warranty", IF(Vi_SIM_Mobile[[#This Row],[Warranty Date]]-TODAY()<=30, "Expiring Soon", "In Warranty")),"-") -> In Warranty | M9: =IFERROR(IF(Vi_SIM_Mobile[[#This Row],[Purchase Date]]="","NA",EDATE(Vi_SIM_Mobile[[#This Row],[Purchase Date]],12)),"NA") -> 46330 | N9: Chinmay Mobile Shopee | O9: 359926420830104 | P9: 359926425830109 | Q9: FF040100090200124920AS03575 | R9: Nano SIM | S9: 89910273909029468267 | U9: Activated | V9: Type C Charger No.: BHCIN27545372929
A10: =ROW()-ROW(Vi_SIM_Mobile[[#Headers],[Sr. No.]]) -> 9 | B10: 9371091053 | C10: 721 | D10: =IF(Vi_SIM_Mobile[[#This Row],[Employee Code]]=0,"-",IFERROR(IF(INDEX('EMP Info'!$B:$B, MATCH(TEXT(Vi_SIM_Mobile[[#This Row],[Employee Code]],"00000"), 'EMP Info'!$A:$A, 0))=0,"",INDEX('EMP Info'!$B:$B, MATCH(TEXT(Vi_SIM_Mobile[[#This Row],[Employee Code]],"00000"), 'EMP Info'!$A:$A, 0))),IFERROR(VLOOKUP(TEXT(Vi_SIM_Mobile[[#This Row],[Employee Code]],"00000"), 'EMP Info'!$A:$D, 2, FALSE) & " (" & VLOOKUP(TEXT(Vi_SIM_Mobile[[#This Row],[Employee Code]],"00000"), 'EMP Info'!$A:$D,4, FALSE) & ")",""))) -> Sunil Sanjay Chanmal | E10: =IF(Vi_SIM_Mobile[[#This Row],[Employee Code]]=0,"-",IFERROR(IF(INDEX('EMP Info'!$C:$C, MATCH(TEXT(Vi_SIM_Mobile[[#This Row],[Employee Code]],"00000"), 'EMP Info'!$A:$A, 0))=0,"",INDEX('EMP Info'!$C:$C, MATCH(TEXT(Vi_SIM_Mobile[[#This Row],[Employee Code]],"00000"), 'EMP Info'!$A:$A, 0))),IFERROR(VLOOKUP(TEXT(Vi_SIM_Mobile[[#This Row],[Employee Code]],"00000"), 'EMP Info'!$A:$D, 2, FALSE) & " (" & VLOOKUP(TEXT(Vi_SIM_Mobile[[#This Row],[Employee Code]],"00000"), 'EMP Info'!$A:$D,4, FALSE) & ")",""))) -> Maintenance | F10: Self | G10: - | H10: - | K10: 46049 | L10: =IFERROR(IF(Vi_SIM_Mobile[[#This Row],[Warranty Date]]<TODAY(), "Out of Warranty", IF(Vi_SIM_Mobile[[#This Row],[Warranty Date]]-TODAY()<=30, "Expiring Soon", "In Warranty")),"-") -> In Warranty | M10: =IFERROR(IF(Vi_SIM_Mobile[[#This Row],[Purchase Date]]="","NA",EDATE(Vi_SIM_Mobile[[#This Row],[Purchase Date]],12)),"NA") -> 46414 | N10: Amazon Online | O10: 359926420374913 | P10: 359926425374918 | Q10: UA0100091100324A090191271 | R10: Nano SIM | S10: 89910273909029467517 | U10: Activated | V10: Type C Charger No.: BHCIN27544CE29D6
A11: =ROW()-ROW(Vi_SIM_Mobile[[#Headers],[Sr. No.]]) -> 10 | B11: 9371091062 | C11: 407 | D11: =IF(Vi_SIM_Mobile[[#This Row],[Employee Code]]=0,"-",IFERROR(IF(INDEX('EMP Info'!$B:$B, MATCH(TEXT(Vi_SIM_Mobile[[#This Row],[Employee Code]],"00000"), 'EMP Info'!$A:$A, 0))=0,"",INDEX('EMP Info'!$B:$B, MATCH(TEXT(Vi_SIM_Mobile[[#This Row],[Employee Code]],"00000"), 'EMP Info'!$A:$A, 0))),IFERROR(VLOOKUP(TEXT(Vi_SIM_Mobile[[#This Row],[Employee Code]],"00000"), 'EMP Info'!$A:$D, 2, FALSE) & " (" & VLOOKUP(TEXT(Vi_SIM_Mobile[[#This Row],[Employee Code]],"00000"), 'EMP Info'!$A:$D,4, FALSE) & ")",""))) -> Vijaykumar Bhimashankar Gurao | E11: =IF(Vi_SIM_Mobile[[#This Row],[Employee Code]]=0,"-",IFERROR(IF(INDEX('EMP Info'!$C:$C, MATCH(TEXT(Vi_SIM_Mobile[[#This Row],[Employee Code]],"00000"), 'EMP Info'!$A:$A, 0))=0,"",INDEX('EMP Info'!$C:$C, MATCH(TEXT(Vi_SIM_Mobile[[#This Row],[Employee Code]],"00000"), 'EMP Info'!$A:$A, 0))),IFERROR(VLOOKUP(TEXT(Vi_SIM_Mobile[[#This Row],[Employee Code]],"00000"), 'EMP Info'!$A:$D, 2, FALSE) & " (" & VLOOKUP(TEXT(Vi_SIM_Mobile[[#This Row],[Employee Code]],"00000"), 'EMP Info'!$A:$D,4, FALSE) & ")",""))) -> Maintenance | F11: Self | G11: - | H11: - | I11: Basic Keypad Phone | J11: HMD 105 4G | K11: 45961 | L11: =IFERROR(IF(Vi_SIM_Mobile[[#This Row],[Warranty Date]]<TODAY(), "Out of Warranty", IF(Vi_SIM_Mobile[[#This Row],[Warranty Date]]-TODAY()<=30, "Expiring Soon", "In Warranty")),"-") -> In Warranty | M11: =IFERROR(IF(Vi_SIM_Mobile[[#This Row],[Purchase Date]]="","NA",EDATE(Vi_SIM_Mobile[[#This Row],[Purchase Date]],12)),"NA") -> 46326 | N11: Chinmay Mobile Shopee | O11: 359926421187876 | P11: 359926426187871 | Q11: UA01000911003254190118288 | R11: Nano SIM | S11: 89910273909029468275 | U11: Activated
A12: =ROW()-ROW(Vi_SIM_Mobile[[#Headers],[Sr. No.]]) -> 11 | B12: 9371091068 | C12: 714 | D12: =IF(Vi_SIM_Mobile[[#This Row],[Employee Code]]=0,"-",IFERROR(IF(INDEX('EMP Info'!$B:$B, MATCH(TEXT(Vi_SIM_Mobile[[#This Row],[Employee Code]],"00000"), 'EMP Info'!$A:$A, 0))=0,"",INDEX('EMP Info'!$B:$B, MATCH(TEXT(Vi_SIM_Mobile[[#This Row],[Employee Code]],"00000"), 'EMP Info'!$A:$A, 0))),IFERROR(VLOOKUP(TEXT(Vi_SIM_Mobile[[#This Row],[Employee Code]],"00000"), 'EMP Info'!$A:$D, 2, FALSE) & " (" & VLOOKUP(TEXT(Vi_SIM_Mobile[[#This Row],[Employee Code]],"00000"), 'EMP Info'!$A:$D,4, FALSE) & ")",""))) -> Sushant Popat Masane | E12: =IF(Vi_SIM_Mobile[[#This Row],[Employee Code]]=0,"-",IFERROR(IF(INDEX('EMP Info'!$C:$C, MATCH(TEXT(Vi_SIM_Mobile[[#This Row],[Employee Code]],"00000"), 'EMP Info'!$A:$A, 0))=0,"",INDEX('EMP Info'!$C:$C, MATCH(TEXT(Vi_SIM_Mobile[[#This Row],[Employee Code]],"00000"), 'EMP Info'!$A:$A, 0))),IFERROR(VLOOKUP(TEXT(Vi_SIM_Mobile[[#This Row],[Employee Code]],"00000"), 'EMP Info'!$A:$D, 2, FALSE) & " (" & VLOOKUP(TEXT(Vi_SIM_Mobile[[#This Row],[Employee Code]],"00000"), 'EMP Info'!$A:$D,4, FALSE) & ")",""))) -> Store | F12: Self | G12: - | H12: - | I12: Smartphone | J12: Vivo Y29 5G | K12: 45926 | L12: =IFERROR(IF(Vi_SIM_Mobile[[#This Row],[Warranty Date]]<TODAY(), "Out of Warranty", IF(Vi_SIM_Mobile[[#This Row],[Warranty Date]]-TODAY()<=30, "Expiring Soon", "In Warranty")),"-") -> Expiring Soon | M12: =IFERROR(IF(Vi_SIM_Mobile[[#This Row],[Purchase Date]]="","NA",EDATE(Vi_SIM_Mobile[[#This Row],[Purchase Date]],12)),"NA") -> 46291 | N12: Chinmay Mobile Shopee | O12: 863439078347164 | P12: 863439078347172 | Q12: 7245246692793083456 | R12: Nano SIM | S12: 89910273909029467525 | U12: Activated
A13: =ROW()-ROW(Vi_SIM_Mobile[[#Headers],[Sr. No.]]) -> 12 | B13: 9371091073 | C13: 0 | D13: =IF(Vi_SIM_Mobile[[#This Row],[Employee Code]]=0,"-",IFERROR(IF(INDEX('EMP Info'!$B:$B, MATCH(TEXT(Vi_SIM_Mobile[[#This Row],[Employee Code]],"00000"), 'EMP Info'!$A:$A, 0))=0,"",INDEX('EMP Info'!$B:$B, MATCH(TEXT(Vi_SIM_Mobile[[#This Row],[Employee Code]],"00000"), 'EMP Info'!$A:$A, 0))),IFERROR(VLOOKUP(TEXT(Vi_SIM_Mobile[[#This Row],[Employee Code]],"00000"), 'EMP Info'!$A:$D, 2, FALSE) & " (" & VLOOKUP(TEXT(Vi_SIM_Mobile[[#This Row],[Employee Code]],"00000"), 'EMP Info'!$A:$D,4, FALSE) & ")",""))) -> - | E13: =IF(Vi_SIM_Mobile[[#This Row],[Employee Code]]=0,"-",IFERROR(IF(INDEX('EMP Info'!$C:$C, MATCH(TEXT(Vi_SIM_Mobile[[#This Row],[Employee Code]],"00000"), 'EMP Info'!$A:$A, 0))=0,"",INDEX('EMP Info'!$C:$C, MATCH(TEXT(Vi_SIM_Mobile[[#This Row],[Employee Code]],"00000"), 'EMP Info'!$A:$A, 0))),IFERROR(VLOOKUP(TEXT(Vi_SIM_Mobile[[#This Row],[Employee Code]],"00000"), 'EMP Info'!$A:$D, 2, FALSE) & " (" & VLOOKUP(TEXT(Vi_SIM_Mobile[[#This Row],[Employee Code]],"00000"), 'EMP Info'!$A:$D,4, FALSE) & ")",""))) -> - | F13: Self | L13: =IFERROR(IF(Vi_SIM_Mobile[[#This Row],[Warranty Date]]<TODAY(), "Out of Warranty", IF(Vi_SIM_Mobile[[#This Row],[Warranty Date]]-TODAY()<=30, "Expiring Soon", "In Warranty")),"-") -> - | M13: =IFERROR(IF(Vi_SIM_Mobile[[#This Row],[Purchase Date]]="","NA",EDATE(Vi_SIM_Mobile[[#This Row],[Purchase Date]],12)),"NA") -> NA | S13: 89910273909029467533 | U13: Activated
A14: =ROW()-ROW(Vi_SIM_Mobile[[#Headers],[Sr. No.]]) -> 13 | B14: 9371091088 | C14: 652 | D14: =IF(Vi_SIM_Mobile[[#This Row],[Employee Code]]=0,"-",IFERROR(IF(INDEX('EMP Info'!$B:$B, MATCH(TEXT(Vi_SIM_Mobile[[#This Row],[Employee Code]],"00000"), 'EMP Info'!$A:$A, 0))=0,"",INDEX('EMP Info'!$B:$B, MATCH(TEXT(Vi_SIM_Mobile[[#This Row],[Employee Code]],"00000"), 'EMP Info'!$A:$A, 0))),IFERROR(VLOOKUP(TEXT(Vi_SIM_Mobile[[#This Row],[Employee Code]],"00000"), 'EMP Info'!$A:$D, 2, FALSE) & " (" & VLOOKUP(TEXT(Vi_SIM_Mobile[[#This Row],[Employee Code]],"00000"), 'EMP Info'!$A:$D,4, FALSE) & ")",""))) -> Vishvajit Shivdas Nalawade | E14: =IF(Vi_SIM_Mobile[[#This Row],[Employee Code]]=0,"-",IFERROR(IF(INDEX('EMP Info'!$C:$C, MATCH(TEXT(Vi_SIM_Mobile[[#This Row],[Employee Code]],"00000"), 'EMP Info'!$A:$A, 0))=0,"",INDEX('EMP Info'!$C:$C, MATCH(TEXT(Vi_SIM_Mobile[[#This Row],[Employee Code]],"00000"), 'EMP Info'!$A:$A, 0))),IFERROR(VLOOKUP(TEXT(Vi_SIM_Mobile[[#This Row],[Employee Code]],"00000"), 'EMP Info'!$A:$D, 2, FALSE) & " (" & VLOOKUP(TEXT(Vi_SIM_Mobile[[#This Row],[Employee Code]],"00000"), 'EMP Info'!$A:$D,4, FALSE) & ")",""))) -> Technical Services | F14: Self | G14: - | H14: - | I14: Smartphone | J14: Samsung A16 | K14: 45723 | L14: =IFERROR(IF(Vi_SIM_Mobile[[#This Row],[Warranty Date]]<TODAY(), "Out of Warranty", IF(Vi_SIM_Mobile[[#This Row],[Warranty Date]]-TODAY()<=30, "Expiring Soon", "In Warranty")),"-") -> Out of Warranty | M14: =IFERROR(IF(Vi_SIM_Mobile[[#This Row],[Purchase Date]]="","NA",EDATE(Vi_SIM_Mobile[[#This Row],[Purchase Date]],12)),"NA") -> 46088 | N14: Sapana Electronics | O14: 352456882167404 | P14: 354076812167403 | R14: Nano SIM | S14: 89910275109043671685 | U14: Activated
A15: =ROW()-ROW(Vi_SIM_Mobile[[#Headers],[Sr. No.]]) -> 14 | B15: 9371091634 | C15: 342 | D15: =IFERROR(IF(INDEX('EMP Info'!$B:$B, MATCH(TEXT(Vi_SIM_Mobile[[#This Row],[Employee Code]],"00000"), 'EMP Info'!$A:$A, 0))=0,"",INDEX('EMP Info'!$B:$B, MATCH(TEXT(Vi_SIM_Mobile[[#This Row],[Employee Code]],"00000"), 'EMP Info'!$A:$A, 0))),IFERROR(VLOOKUP(TEXT(Vi_SIM_Mobile[[#This Row],[Employee Code]],"00000"), 'EMP Info'!$A:$D, 2, FALSE) & " (" & VLOOKUP(TEXT(Vi_SIM_Mobile[[#This Row],[Employee Code]],"00000"), 'EMP Info'!$A:$D,4, FALSE) & ")","")) -> Amol Prakash Chaudhari | E15: =IFERROR(IF(INDEX('EMP Info'!$C:$C, MATCH(TEXT(Vi_SIM_Mobile[[#This Row],[Employee Code]],"00000"), 'EMP Info'!$A:$A, 0))=0,"",INDEX('EMP Info'!$C:$C, MATCH(TEXT(Vi_SIM_Mobile[[#This Row],[Employee Code]],"00000"), 'EMP Info'!$A:$A, 0))),IFERROR(VLOOKUP(TEXT(Vi_SIM_Mobile[[#This Row],[Employee Code]],"00000"), 'EMP Info'!$A:$D, 2, FALSE) & " (" & VLOOKUP(TEXT(Vi_SIM_Mobile[[#This Row],[Employee Code]],"00000"), 'EMP Info'!$A:$D,4, FALSE) & ")","")) -> Project | F15: Project Team | I15: Basic Keypad Phone | J15: HMD 105 4G | K15: 46049 | L15: =IFERROR(IF(Vi_SIM_Mobile[[#This Row],[Warranty Date]]<TODAY(), "Out of Warranty", IF(Vi_SIM_Mobile[[#This Row],[Warranty Date]]-TODAY()<=30, "Expiring Soon", "In Warranty")),"-") -> In Warranty | M15: =IFERROR(IF(Vi_SIM_Mobile[[#This Row],[Purchase Date]]="","NA",EDATE(Vi_SIM_Mobile[[#This Row],[Purchase Date]],12)),"NA") -> 46414 | N15: Amazon Online | O15: 359926420374913 | P15: 359926425374918 | Q15: UA0100091100324A090191271 | R15: Nano SIM | S15: 89910273909029663867 | U15: Activated | V15: Type C Charger No.: BHCIN27544CE29D6
A16: =ROW()-ROW(Vi_SIM_Mobile[[#Headers],[Sr. No.]]) -> 15 | B16: 9371091639 | C16: 106 | D16: =IFERROR(IF(INDEX('EMP Info'!$B:$B, MATCH(TEXT(Vi_SIM_Mobile[[#This Row],[Employee Code]],"00000"), 'EMP Info'!$A:$A, 0))=0,"",INDEX('EMP Info'!$B:$B, MATCH(TEXT(Vi_SIM_Mobile[[#This Row],[Employee Code]],"00000"), 'EMP Info'!$A:$A, 0))),IFERROR(VLOOKUP(TEXT(Vi_SIM_Mobile[[#This Row],[Employee Code]],"00000"), 'EMP Info'!$A:$D, 2, FALSE) & " (" & VLOOKUP(TEXT(Vi_SIM_Mobile[[#This Row],[Employee Code]],"00000"), 'EMP Info'!$A:$D,4, FALSE) & ")","")) -> Ganesh Vitthal Tadaka | E16: =IFERROR(IF(INDEX('EMP Info'!$C:$C, MATCH(TEXT(Vi_SIM_Mobile[[#This Row],[Employee Code]],"00000"), 'EMP Info'!$A:$A, 0))=0,"",INDEX('EMP Info'!$C:$C, MATCH(TEXT(Vi_SIM_Mobile[[#This Row],[Employee Code]],"00000"), 'EMP Info'!$A:$A, 0))),IFERROR(VLOOKUP(TEXT(Vi_SIM_Mobile[[#This Row],[Employee Code]],"00000"), 'EMP Info'!$A:$D, 2, FALSE) & " (" & VLOOKUP(TEXT(Vi_SIM_Mobile[[#This Row],[Employee Code]],"00000"), 'EMP Info'!$A:$D,4, FALSE) & ")","")) -> Production | F16: Tank Fram Area Team | G16: - | H16: - | I16: Basic Keypad Phone | J16: HMD 105 4G | K16: 46097 | L16: =IFERROR(IF(Vi_SIM_Mobile[[#This Row],[Warranty Date]]<TODAY(), "Out of Warranty", IF(Vi_SIM_Mobile[[#This Row],[Warranty Date]]-TODAY()<=30, "Expiring Soon", "In Warranty")),"-") -> In Warranty | M16: =IFERROR(IF(Vi_SIM_Mobile[[#This Row],[Purchase Date]]="","NA",EDATE(Vi_SIM_Mobile[[#This Row],[Purchase Date]],12)),"NA") -> 46462 | N16: Amazon Online | O16: 359926421685739 | P16: 359926426685734 | Q16: UA01000911003261180118245 | R16: Nano SIM | S16: 89910273909029663750 | U16: Activated | V16: Type C Charger
A17: =ROW()-ROW(Vi_SIM_Mobile[[#Headers],[Sr. No.]]) -> 16 | B17: 9371091641 | C17: 739 | D17: =IFERROR(IF(INDEX('EMP Info'!$B:$B, MATCH(TEXT(Vi_SIM_Mobile[[#This Row],[Employee Code]],"00000"), 'EMP Info'!$A:$A, 0))=0,"",INDEX('EMP Info'!$B:$B, MATCH(TEXT(Vi_SIM_Mobile[[#This Row],[Employee Code]],"00000"), 'EMP Info'!$A:$A, 0))),IFERROR(VLOOKUP(TEXT(Vi_SIM_Mobile[[#This Row],[Employee Code]],"00000"), 'EMP Info'!$A:$D, 2, FALSE) & " (" & VLOOKUP(TEXT(Vi_SIM_Mobile[[#This Row],[Employee Code]],"00000"), 'EMP Info'!$A:$D,4, FALSE) & ")","")) -> Rajendra Ambaji Ghodke | E17: =IFERROR(IF(INDEX('EMP Info'!$C:$C, MATCH(TEXT(Vi_SIM_Mobile[[#This Row],[Employee Code]],"00000"), 'EMP Info'!$A:$A, 0))=0,"",INDEX('EMP Info'!$C:$C, MATCH(TEXT(Vi_SIM_Mobile[[#This Row],[Employee Code]],"00000"), 'EMP Info'!$A:$A, 0))),IFERROR(VLOOKUP(TEXT(Vi_SIM_Mobile[[#This Row],[Employee Code]],"00000"), 'EMP Info'!$A:$D, 2, FALSE) & " (" & VLOOKUP(TEXT(Vi_SIM_Mobile[[#This Row],[Employee Code]],"00000"), 'EMP Info'!$A:$D,4, FALSE) & ")","")) -> Project | F17: Self | G17: - | H17: - | J17: Personal | L17: =IFERROR(IF(Vi_SIM_Mobile[[#This Row],[Warranty Date]]<TODAY(), "Out of Warranty", IF(Vi_SIM_Mobile[[#This Row],[Warranty Date]]-TODAY()<=30, "Expiring Soon", "In Warranty")),"-") -> - | M17: =IFERROR(IF(Vi_SIM_Mobile[[#This Row],[Purchase Date]]="","NA",EDATE(Vi_SIM_Mobile[[#This Row],[Purchase Date]],12)),"NA") -> NA | R17: Nano SIM | S17: 89910273909029660210 | U17: Activated | V17: Use of Personal Mobile Permission Received
A18: =ROW()-ROW(Vi_SIM_Mobile[[#Headers],[Sr. No.]]) -> 17 | B18: 9371091652 | C18: 737 | D18: =IFERROR(IF(INDEX('EMP Info'!$B:$B, MATCH(TEXT(Vi_SIM_Mobile[[#This Row],[Employee Code]],"00000"), 'EMP Info'!$A:$A, 0))=0,"",INDEX('EMP Info'!$B:$B, MATCH(TEXT(Vi_SIM_Mobile[[#This Row],[Employee Code]],"00000"), 'EMP Info'!$A:$A, 0))),IFERROR(VLOOKUP(TEXT(Vi_SIM_Mobile[[#This Row],[Employee Code]],"00000"), 'EMP Info'!$A:$D, 2, FALSE) & " (" & VLOOKUP(TEXT(Vi_SIM_Mobile[[#This Row],[Employee Code]],"00000"), 'EMP Info'!$A:$D,4, FALSE) & ")","")) -> Pradeep Vasantappa Daruwale | E18: =IFERROR(IF(INDEX('EMP Info'!$C:$C, MATCH(TEXT(Vi_SIM_Mobile[[#This Row],[Employee Code]],"00000"), 'EMP Info'!$A:$A, 0))=0,"",INDEX('EMP Info'!$C:$C, MATCH(TEXT(Vi_SIM_Mobile[[#This Row],[Employee Code]],"00000"), 'EMP Info'!$A:$A, 0))),IFERROR(VLOOKUP(TEXT(Vi_SIM_Mobile[[#This Row],[Employee Code]],"00000"), 'EMP Info'!$A:$D, 2, FALSE) & " (" & VLOOKUP(TEXT(Vi_SIM_Mobile[[#This Row],[Employee Code]],"00000"), 'EMP Info'!$A:$D,4, FALSE) & ")","")) -> Production | F18: Self | J18: Personal | L18: =IFERROR(IF(Vi_SIM_Mobile[[#This Row],[Warranty Date]]<TODAY(), "Out of Warranty", IF(Vi_SIM_Mobile[[#This Row],[Warranty Date]]-TODAY()<=30, "Expiring Soon", "In Warranty")),"-") -> - | M18: =IFERROR(IF(Vi_SIM_Mobile[[#This Row],[Purchase Date]]="","NA",EDATE(Vi_SIM_Mobile[[#This Row],[Purchase Date]],12)),"NA") -> NA | S18: 89910273909029663404 | U18: Activated | V18: Use of Personal Mobile Permission Received
A19: =ROW()-ROW(Vi_SIM_Mobile[[#Headers],[Sr. No.]]) -> 18 | B19: 9371091661 | C19: 0 | D19: =IFERROR(IF(INDEX('EMP Info'!$B:$B, MATCH(TEXT(Vi_SIM_Mobile[[#This Row],[Employee Code]],"00000"), 'EMP Info'!$A:$A, 0))=0,"",INDEX('EMP Info'!$B:$B, MATCH(TEXT(Vi_SIM_Mobile[[#This Row],[Employee Code]],"00000"), 'EMP Info'!$A:$A, 0))),IFERROR(VLOOKUP(TEXT(Vi_SIM_Mobile[[#This Row],[Employee Code]],"00000"), 'EMP Info'!$A:$D, 2, FALSE) & " (" & VLOOKUP(TEXT(Vi_SIM_Mobile[[#This Row],[Employee Code]],"00000"), 'EMP Info'!$A:$D,4, FALSE) & ")","")) | E19: =IFERROR(IF(INDEX('EMP Info'!$C:$C, MATCH(TEXT(Vi_SIM_Mobile[[#This Row],[Employee Code]],"00000"), 'EMP Info'!$A:$A, 0))=0,"",INDEX('EMP Info'!$C:$C, MATCH(TEXT(Vi_SIM_Mobile[[#This Row],[Employee Code]],"00000"), 'EMP Info'!$A:$A, 0))),IFERROR(VLOOKUP(TEXT(Vi_SIM_Mobile[[#This Row],[Employee Code]],"00000"), 'EMP Info'!$A:$D, 2, FALSE) & " (" & VLOOKUP(TEXT(Vi_SIM_Mobile[[#This Row],[Employee Code]],"00000"), 'EMP Info'!$A:$D,4, FALSE) & ")","")) | L19: =IFERROR(IF(Vi_SIM_Mobile[[#This Row],[Warranty Date]]<TODAY(), "Out of Warranty", IF(Vi_SIM_Mobile[[#This Row],[Warranty Date]]-TODAY()<=30, "Expiring Soon", "In Warranty")),"-") -> - | M19: =IFERROR(IF(Vi_SIM_Mobile[[#This Row],[Purchase Date]]="","NA",EDATE(Vi_SIM_Mobile[[#This Row],[Purchase Date]],12)),"NA") -> NA | S19: 89910276309000741419 | U19: Activated
A20: =ROW()-ROW(Vi_SIM_Mobile[[#Headers],[Sr. No.]]) -> 19 | B20: 9371091662 | C20: 653 | D20: =IFERROR(IF(INDEX('EMP Info'!$B:$B, MATCH(TEXT(Vi_SIM_Mobile[[#This Row],[Employee Code]],"00000"), 'EMP Info'!$A:$A, 0))=0,"",INDEX('EMP Info'!$B:$B, MATCH(TEXT(Vi_SIM_Mobile[[#This Row],[Employee Code]],"00000"), 'EMP Info'!$A:$A, 0))),IFERROR(VLOOKUP(TEXT(Vi_SIM_Mobile[[#This Row],[Employee Code]],"00000"), 'EMP Info'!$A:$D, 2, FALSE) & " (" & VLOOKUP(TEXT(Vi_SIM_Mobile[[#This Row],[Employee Code]],"00000"), 'EMP Info'!$A:$D,4, FALSE) & ")","")) -> Piyush Dhanrajji Kapse | E20: =IFERROR(IF(INDEX('EMP Info'!$C:$C, MATCH(TEXT(Vi_SIM_Mobile[[#This Row],[Employee Code]],"00000"), 'EMP Info'!$A:$A, 0))=0,"",INDEX('EMP Info'!$C:$C, MATCH(TEXT(Vi_SIM_Mobile[[#This Row],[Employee Code]],"00000"), 'EMP Info'!$A:$A, 0))),IFERROR(VLOOKUP(TEXT(Vi_SIM_Mobile[[#This Row],[Employee Code]],"00000"), 'EMP Info'!$A:$D, 2, FALSE) & " (" & VLOOKUP(TEXT(Vi_SIM_Mobile[[#This Row],[Employee Code]],"00000"), 'EMP Info'!$A:$D,4, FALSE) & ")","")) -> Production | F20: Self | G20: - | H20: - | I20: Smartphone | J20: Samsung M06 | L20: =IFERROR(IF(Vi_SIM_Mobile[[#This Row],[Warranty Date]]<TODAY(), "Out of Warranty", IF(Vi_SIM_Mobile[[#This Row],[Warranty Date]]-TODAY()<=30, "Expiring Soon", "In Warranty")),"-") -> - | M20: =IFERROR(IF(Vi_SIM_Mobile[[#This Row],[Purchase Date]]="","NA",EDATE(Vi_SIM_Mobile[[#This Row],[Purchase Date]],12)),"NA") -> NA | N20: Amazon Online | O20: 350160042629335 | P20: 351989662629335 | R20: Nano SIM | S20: 89910276309000741427 | U20: Activated | V20: Ambrane Type C to Type C Charger No.: C25J02512027437
A21: =ROW()-ROW(Vi_SIM_Mobile[[#Headers],[Sr. No.]]) -> 20 | B21: 9371091664 | C21: 723 | D21: =IFERROR(IF(INDEX('EMP Info'!$B:$B, MATCH(TEXT(Vi_SIM_Mobile[[#This Row],[Employee Code]],"00000"), 'EMP Info'!$A:$A, 0))=0,"",INDEX('EMP Info'!$B:$B, MATCH(TEXT(Vi_SIM_Mobile[[#This Row],[Employee Code]],"00000"), 'EMP Info'!$A:$A, 0))),IFERROR(VLOOKUP(TEXT(Vi_SIM_Mobile[[#This Row],[Employee Code]],"00000"), 'EMP Info'!$A:$D, 2, FALSE) & " (" & VLOOKUP(TEXT(Vi_SIM_Mobile[[#This Row],[Employee Code]],"00000"), 'EMP Info'!$A:$D,4, FALSE) & ")","")) -> Pravin Shantaram Deshmukh | E21: =IFERROR(IF(INDEX('EMP Info'!$C:$C, MATCH(TEXT(Vi_SIM_Mobile[[#This Row],[Employee Code]],"00000"), 'EMP Info'!$A:$A, 0))=0,"",INDEX('EMP Info'!$C:$C, MATCH(TEXT(Vi_SIM_Mobile[[#This Row],[Employee Code]],"00000"), 'EMP Info'!$A:$A, 0))),IFERROR(VLOOKUP(TEXT(Vi_SIM_Mobile[[#This Row],[Employee Code]],"00000"), 'EMP Info'!$A:$D, 2, FALSE) & " (" & VLOOKUP(TEXT(Vi_SIM_Mobile[[#This Row],[Employee Code]],"00000"), 'EMP Info'!$A:$D,4, FALSE) & ")","")) -> Engineering | F21: CT Auto Dosing System | G21: - | H21: - | I21: - | J21: - | K21: - | L21: =IFERROR(IF(Vi_SIM_Mobile[[#This Row],[Warranty Date]]<TODAY(), "Out of Warranty", IF(Vi_SIM_Mobile[[#This Row],[Warranty Date]]-TODAY()<=30, "Expiring Soon", "In Warranty")),"-") -> - | M21: =IFERROR(IF(Vi_SIM_Mobile[[#This Row],[Purchase Date]]="","NA",EDATE(Vi_SIM_Mobile[[#This Row],[Purchase Date]],12)),"NA") -> NA | N21: - | O21: - | P21: - | Q21: - | S21: 89910276309000741401 | U21: Activated
A22: =ROW()-ROW(Vi_SIM_Mobile[[#Headers],[Sr. No.]]) -> 21 | B22: 9371091667 | C22: 0 | D22: =IFERROR(IF(INDEX('EMP Info'!$B:$B, MATCH(TEXT(Vi_SIM_Mobile[[#This Row],[Employee Code]],"00000"), 'EMP Info'!$A:$A, 0))=0,"",INDEX('EMP Info'!$B:$B, MATCH(TEXT(Vi_SIM_Mobile[[#This Row],[Employee Code]],"00000"), 'EMP Info'!$A:$A, 0))),IFERROR(VLOOKUP(TEXT(Vi_SIM_Mobile[[#This Row],[Employee Code]],"00000"), 'EMP Info'!$A:$D, 2, FALSE) & " (" & VLOOKUP(TEXT(Vi_SIM_Mobile[[#This Row],[Employee Code]],"00000"), 'EMP Info'!$A:$D,4, FALSE) & ")","")) | E22: =IFERROR(IF(INDEX('EMP Info'!$C:$C, MATCH(TEXT(Vi_SIM_Mobile[[#This Row],[Employee Code]],"00000"), 'EMP Info'!$A:$A, 0))=0,"",INDEX('EMP Info'!$C:$C, MATCH(TEXT(Vi_SIM_Mobile[[#This Row],[Employee Code]],"00000"), 'EMP Info'!$A:$A, 0))),IFERROR(VLOOKUP(TEXT(Vi_SIM_Mobile[[#This Row],[Employee Code]],"00000"), 'EMP Info'!$A:$D, 2, FALSE) & " (" & VLOOKUP(TEXT(Vi_SIM_Mobile[[#This Row],[Employee Code]],"00000"), 'EMP Info'!$A:$D,4, FALSE) & ")","")) | L22: =IFERROR(IF(Vi_SIM_Mobile[[#This Row],[Warranty Date]]<TODAY(), "Out of Warranty", IF(Vi_SIM_Mobile[[#This Row],[Warranty Date]]-TODAY()<=30, "Expiring Soon", "In Warranty")),"-") -> - | M22: =IFERROR(IF(Vi_SIM_Mobile[[#This Row],[Purchase Date]]="","NA",EDATE(Vi_SIM_Mobile[[#This Row],[Purchase Date]],12)),"NA") -> NA | S22: 89910276309000741435 | U22: Activated
A23: =ROW()-ROW(Vi_SIM_Mobile[[#Headers],[Sr. No.]]) -> 22 | B23: 9371091669 | C23: 747 | D23: =IFERROR(IF(INDEX('EMP Info'!$B:$B, MATCH(TEXT(Vi_SIM_Mobile[[#This Row],[Employee Code]],"00000"), 'EMP Info'!$A:$A, 0))=0,"",INDEX('EMP Info'!$B:$B, MATCH(TEXT(Vi_SIM_Mobile[[#This Row],[Employee Code]],"00000"), 'EMP Info'!$A:$A, 0))),IFERROR(VLOOKUP(TEXT(Vi_SIM_Mobile[[#This Row],[Employee Code]],"00000"), 'EMP Info'!$A:$D, 2, FALSE) & " (" & VLOOKUP(TEXT(Vi_SIM_Mobile[[#This Row],[Employee Code]],"00000"), 'EMP Info'!$A:$D,4, FALSE) & ")","")) -> Tanaji Nagorao Kadam | E23: =IFERROR(IF(INDEX('EMP Info'!$C:$C, MATCH(TEXT(Vi_SIM_Mobile[[#This Row],[Employee Code]],"00000"), 'EMP Info'!$A:$A, 0))=0,"",INDEX('EMP Info'!$C:$C, MATCH(TEXT(Vi_SIM_Mobile[[#This Row],[Employee Code]],"00000"), 'EMP Info'!$A:$A, 0))),IFERROR(VLOOKUP(TEXT(Vi_SIM_Mobile[[#This Row],[Employee Code]],"00000"), 'EMP Info'!$A:$D, 2, FALSE) & " (" & VLOOKUP(TEXT(Vi_SIM_Mobile[[#This Row],[Employee Code]],"00000"), 'EMP Info'!$A:$D,4, FALSE) & ")","")) -> Technical Services | F23: Self | G23: - | H23: - | I23: Smartphone | J23: Personal | L23: =IFERROR(IF(Vi_SIM_Mobile[[#This Row],[Warranty Date]]<TODAY(), "Out of Warranty", IF(Vi_SIM_Mobile[[#This Row],[Warranty Date]]-TODAY()<=30, "Expiring Soon", "In Warranty")),"-") -> - | M23: =IFERROR(IF(Vi_SIM_Mobile[[#This Row],[Purchase Date]]="","NA",EDATE(Vi_SIM_Mobile[[#This Row],[Purchase Date]],12)),"NA") -> NA | R23: Nano SIM | S23: 89910276309000741443 | U23: Activated
A24: =ROW()-ROW(Vi_SIM_Mobile[[#Headers],[Sr. No.]]) -> 23 | B24: 9371091689 | C24: 106 | D24: =IFERROR(IF(INDEX('EMP Info'!$B:$B, MATCH(TEXT(Vi_SIM_Mobile[[#This Row],[Employee Code]],"00000"), 'EMP Info'!$A:$A, 0))=0,"",INDEX('EMP Info'!$B:$B, MATCH(TEXT(Vi_SIM_Mobile[[#This Row],[Employee Code]],"00000"), 'EMP Info'!$A:$A, 0))),IFERROR(VLOOKUP(TEXT(Vi_SIM_Mobile[[#This Row],[Employee Code]],"00000"), 'EMP Info'!$A:$D, 2, FALSE) & " (" & VLOOKUP(TEXT(Vi_SIM_Mobile[[#This Row],[Employee Code]],"00000"), 'EMP Info'!$A:$D,4, FALSE) & ")","")) -> Ganesh Vitthal Tadaka | E24: =IFERROR(IF(INDEX('EMP Info'!$C:$C, MATCH(TEXT(Vi_SIM_Mobile[[#This Row],[Employee Code]],"00000"), 'EMP Info'!$A:$A, 0))=0,"",INDEX('EMP Info'!$C:$C, MATCH(TEXT(Vi_SIM_Mobile[[#This Row],[Employee Code]],"00000"), 'EMP Info'!$A:$A, 0))),IFERROR(VLOOKUP(TEXT(Vi_SIM_Mobile[[#This Row],[Employee Code]],"00000"), 'EMP Info'!$A:$D, 2, FALSE) & " (" & VLOOKUP(TEXT(Vi_SIM_Mobile[[#This Row],[Employee Code]],"00000"), 'EMP Info'!$A:$D,4, FALSE) & ")","")) -> Production | F24: Self | G24: - | H24: - | I24: Smartphone | J24: Samsung M06 | K24: 46097 | L24: =IFERROR(IF(Vi_SIM_Mobile[[#This Row],[Warranty Date]]<TODAY(), "Out of Warranty", IF(Vi_SIM_Mobile[[#This Row],[Warranty Date]]-TODAY()<=30, "Expiring Soon", "In Warranty")),"-") -> In Warranty | M24: =IFERROR(IF(Vi_SIM_Mobile[[#This Row],[Purchase Date]]="","NA",EDATE(Vi_SIM_Mobile[[#This Row],[Purchase Date]],12)),"NA") -> 46462 | N24: Amazon Online | O24: 350160042628329 | P24: 351989662628329 | R24: Nano SIM | S24: 89910273909029663875 | U24: Activated | V24: Mobile Charger (Sr. No.: C25J02512027435), Mobile Back Cover
A25: =ROW()-ROW(Vi_SIM_Mobile[[#Headers],[Sr. No.]]) -> 24 | B25: 9371109124 | C25: 0 | D25: =IF(Vi_SIM_Mobile[[#This Row],[Employee Code]]=0,"-",IFERROR(IF(INDEX('EMP Info'!$B:$B, MATCH(TEXT(Vi_SIM_Mobile[[#This Row],[Employee Code]],"00000"), 'EMP Info'!$A:$A, 0))=0,"",INDEX('EMP Info'!$B:$B, MATCH(TEXT(Vi_SIM_Mobile[[#This Row],[Employee Code]],"00000"), 'EMP Info'!$A:$A, 0))),IFERROR(VLOOKUP(TEXT(Vi_SIM_Mobile[[#This Row],[Employee Code]],"00000"), 'EMP Info'!$A:$D, 2, FALSE) & " (" & VLOOKUP(TEXT(Vi_SIM_Mobile[[#This Row],[Employee Code]],"00000"), 'EMP Info'!$A:$D,4, FALSE) & ")",""))) -> - | E25: =IF(Vi_SIM_Mobile[[#This Row],[Employee Code]]=0,"-",IFERROR(IF(INDEX('EMP Info'!$C:$C, MATCH(TEXT(Vi_SIM_Mobile[[#This Row],[Employee Code]],"00000"), 'EMP Info'!$A:$A, 0))=0,"",INDEX('EMP Info'!$C:$C, MATCH(TEXT(Vi_SIM_Mobile[[#This Row],[Employee Code]],"00000"), 'EMP Info'!$A:$A, 0))),IFERROR(VLOOKUP(TEXT(Vi_SIM_Mobile[[#This Row],[Employee Code]],"00000"), 'EMP Info'!$A:$D, 2, FALSE) & " (" & VLOOKUP(TEXT(Vi_SIM_Mobile[[#This Row],[Employee Code]],"00000"), 'EMP Info'!$A:$D,4, FALSE) & ")",""))) -> - | F25: E20 Security Officer | I25: Basic Keypad Phone | J25: Nokia 105 | K25: 45680 | L25: =IFERROR(IF(Vi_SIM_Mobile[[#This Row],[Warranty Date]]<TODAY(), "Out of Warranty", IF(Vi_SIM_Mobile[[#This Row],[Warranty Date]]-TODAY()<=30, "Expiring Soon", "In Warranty")),"-") -> Out of Warranty | M25: =IFERROR(IF(Vi_SIM_Mobile[[#This Row],[Purchase Date]]="","NA",EDATE(Vi_SIM_Mobile[[#This Row],[Purchase Date]],12)),"NA") -> 46045 | O25: 356049420105949 | S25: 89910273501011454478 | U25: Activated
A26: =ROW()-ROW(Vi_SIM_Mobile[[#Headers],[Sr. No.]]) -> 25 | B26: 9371109125 | C26: 0 | D26: =IF(Vi_SIM_Mobile[[#This Row],[Employee Code]]=0,"-",IFERROR(IF(INDEX('EMP Info'!$B:$B, MATCH(TEXT(Vi_SIM_Mobile[[#This Row],[Employee Code]],"00000"), 'EMP Info'!$A:$A, 0))=0,"",INDEX('EMP Info'!$B:$B, MATCH(TEXT(Vi_SIM_Mobile[[#This Row],[Employee Code]],"00000"), 'EMP Info'!$A:$A, 0))),IFERROR(VLOOKUP(TEXT(Vi_SIM_Mobile[[#This Row],[Employee Code]],"00000"), 'EMP Info'!$A:$D, 2, FALSE) & " (" & VLOOKUP(TEXT(Vi_SIM_Mobile[[#This Row],[Employee Code]],"00000"), 'EMP Info'!$A:$D,4, FALSE) & ")",""))) -> - | E26: =IF(Vi_SIM_Mobile[[#This Row],[Employee Code]]=0,"-",IFERROR(IF(INDEX('EMP Info'!$C:$C, MATCH(TEXT(Vi_SIM_Mobile[[#This Row],[Employee Code]],"00000"), 'EMP Info'!$A:$A, 0))=0,"",INDEX('EMP Info'!$C:$C, MATCH(TEXT(Vi_SIM_Mobile[[#This Row],[Employee Code]],"00000"), 'EMP Info'!$A:$A, 0))),IFERROR(VLOOKUP(TEXT(Vi_SIM_Mobile[[#This Row],[Employee Code]],"00000"), 'EMP Info'!$A:$D, 2, FALSE) & " (" & VLOOKUP(TEXT(Vi_SIM_Mobile[[#This Row],[Employee Code]],"00000"), 'EMP Info'!$A:$D,4, FALSE) & ")",""))) -> - | F26: E DCS Room | I26: Basic Keypad Phone | J26: Nokia 105 | L26: =IFERROR(IF(Vi_SIM_Mobile[[#This Row],[Warranty Date]]<TODAY(), "Out of Warranty", IF(Vi_SIM_Mobile[[#This Row],[Warranty Date]]-TODAY()<=30, "Expiring Soon", "In Warranty")),"-") -> - | M26: =IFERROR(IF(Vi_SIM_Mobile[[#This Row],[Purchase Date]]="","NA",EDATE(Vi_SIM_Mobile[[#This Row],[Purchase Date]],12)),"NA") -> NA | S26: 89910274409014654889 | U26: Activated
A27: =ROW()-ROW(Vi_SIM_Mobile[[#Headers],[Sr. No.]]) -> 26 | B27: 9371109126 | C27: 0 | D27: =IF(Vi_SIM_Mobile[[#This Row],[Employee Code]]=0,"-",IFERROR(IF(INDEX('EMP Info'!$B:$B, MATCH(TEXT(Vi_SIM_Mobile[[#This Row],[Employee Code]],"00000"), 'EMP Info'!$A:$A, 0))=0,"",INDEX('EMP Info'!$B:$B, MATCH(TEXT(Vi_SIM_Mobile[[#This Row],[Employee Code]],"00000"), 'EMP Info'!$A:$A, 0))),IFERROR(VLOOKUP(TEXT(Vi_SIM_Mobile[[#This Row],[Employee Code]],"00000"), 'EMP Info'!$A:$D, 2, FALSE) & " (" & VLOOKUP(TEXT(Vi_SIM_Mobile[[#This Row],[Employee Code]],"00000"), 'EMP Info'!$A:$D,4, FALSE) & ")",""))) -> - | E27: =IF(Vi_SIM_Mobile[[#This Row],[Employee Code]]=0,"-",IFERROR(IF(INDEX('EMP Info'!$C:$C, MATCH(TEXT(Vi_SIM_Mobile[[#This Row],[Employee Code]],"00000"), 'EMP Info'!$A:$A, 0))=0,"",INDEX('EMP Info'!$C:$C, MATCH(TEXT(Vi_SIM_Mobile[[#This Row],[Employee Code]],"00000"), 'EMP Info'!$A:$A, 0))),IFERROR(VLOOKUP(TEXT(Vi_SIM_Mobile[[#This Row],[Employee Code]],"00000"), 'EMP Info'!$A:$D, 2, FALSE) & " (" & VLOOKUP(TEXT(Vi_SIM_Mobile[[#This Row],[Employee Code]],"00000"), 'EMP Info'!$A:$D,4, FALSE) & ")",""))) -> - | F27: E22 Boiler Control Room | I27: Basic Keypad Phone | J27: Nokia 105 | L27: =IFERROR(IF(Vi_SIM_Mobile[[#This Row],[Warranty Date]]<TODAY(), "Out of Warranty", IF(Vi_SIM_Mobile[[#This Row],[Warranty Date]]-TODAY()<=30, "Expiring Soon", "In Warranty")),"-") -> - | M27: =IFERROR(IF(Vi_SIM_Mobile[[#This Row],[Purchase Date]]="","NA",EDATE(Vi_SIM_Mobile[[#This Row],[Purchase Date]],12)),"NA") -> NA | S27: 89910274409014654897 | U27: Activated
A28: =ROW()-ROW(Vi_SIM_Mobile[[#Headers],[Sr. No.]]) -> 27 | B28: 9371109127 | C28: 383 | D28: =IF(Vi_SIM_Mobile[[#This Row],[Employee Code]]=0,"-",IFERROR(IF(INDEX('EMP Info'!$B:$B, MATCH(TEXT(Vi_SIM_Mobile[[#This Row],[Employee Code]],"00000"), 'EMP Info'!$A:$A, 0))=0,"",INDEX('EMP Info'!$B:$B, MATCH(TEXT(Vi_SIM_Mobile[[#This Row],[Employee Code]],"00000"), 'EMP Info'!$A:$A, 0))),IFERROR(VLOOKUP(TEXT(Vi_SIM_Mobile[[#This Row],[Employee Code]],"00000"), 'EMP Info'!$A:$D, 2, FALSE) & " (" & VLOOKUP(TEXT(Vi_SIM_Mobile[[#This Row],[Employee Code]],"00000"), 'EMP Info'!$A:$D,4, FALSE) & ")",""))) -> Siddeshwar Mahadev More | E28: =IF(Vi_SIM_Mobile[[#This Row],[Employee Code]]=0,"-",IFERROR(IF(INDEX('EMP Info'!$C:$C, MATCH(TEXT(Vi_SIM_Mobile[[#This Row],[Employee Code]],"00000"), 'EMP Info'!$A:$A, 0))=0,"",INDEX('EMP Info'!$C:$C, MATCH(TEXT(Vi_SIM_Mobile[[#This Row],[Employee Code]],"00000"), 'EMP Info'!$A:$A, 0))),IFERROR(VLOOKUP(TEXT(Vi_SIM_Mobile[[#This Row],[Employee Code]],"00000"), 'EMP Info'!$A:$D, 2, FALSE) & " (" & VLOOKUP(TEXT(Vi_SIM_Mobile[[#This Row],[Employee Code]],"00000"), 'EMP Info'!$A:$D,4, FALSE) & ")",""))) -> Utility | F28: Utility E 17 | I28: Basic Keypad Phone | J28: HMD 105 4G | K28: 46189 | L28: =IFERROR(IF(Vi_SIM_Mobile[[#This Row],[Warranty Date]]<TODAY(), "Out of Warranty", IF(Vi_SIM_Mobile[[#This Row],[Warranty Date]]-TODAY()<=30, "Expiring Soon", "In Warranty")),"-") -> In Warranty | M28: =IFERROR(IF(Vi_SIM_Mobile[[#This Row],[Purchase Date]]="","NA",EDATE(Vi_SIM_Mobile[[#This Row],[Purchase Date]],12)),"NA") -> 46554 | N28: Amazon Online | O28: 359926421564149 | P28: 359926426654144 | Q28: UA01000911003261180129599 | R28: Nano SIM | S28: 89910274409014654905 | U28: Activated | V28: Replaced with damaged Mobile (Damage mobile)
A29: =ROW()-ROW(Vi_SIM_Mobile[[#Headers],[Sr. No.]]) -> 28 | B29: 9371109128 | C29: 14 | D29: =IF(Vi_SIM_Mobile[[#This Row],[Employee Code]]=0,"-",IFERROR(IF(INDEX('EMP Info'!$B:$B, MATCH(TEXT(Vi_SIM_Mobile[[#This Row],[Employee Code]],"00000"), 'EMP Info'!$A:$A, 0))=0,"",INDEX('EMP Info'!$B:$B, MATCH(TEXT(Vi_SIM_Mobile[[#This Row],[Employee Code]],"00000"), 'EMP Info'!$A:$A, 0))),IFERROR(VLOOKUP(TEXT(Vi_SIM_Mobile[[#This Row],[Employee Code]],"00000"), 'EMP Info'!$A:$D, 2, FALSE) & " (" & VLOOKUP(TEXT(Vi_SIM_Mobile[[#This Row],[Employee Code]],"00000"), 'EMP Info'!$A:$D,4, FALSE) & ")",""))) -> Prashant Sukhdev Ingle | E29: =IF(Vi_SIM_Mobile[[#This Row],[Employee Code]]=0,"-",IFERROR(IF(INDEX('EMP Info'!$C:$C, MATCH(TEXT(Vi_SIM_Mobile[[#This Row],[Employee Code]],"00000"), 'EMP Info'!$A:$A, 0))=0,"",INDEX('EMP Info'!$C:$C, MATCH(TEXT(Vi_SIM_Mobile[[#This Row],[Employee Code]],"00000"), 'EMP Info'!$A:$A, 0))),IFERROR(VLOOKUP(TEXT(Vi_SIM_Mobile[[#This Row],[Employee Code]],"00000"), 'EMP Info'!$A:$D, 2, FALSE) & " (" & VLOOKUP(TEXT(Vi_SIM_Mobile[[#This Row],[Employee Code]],"00000"), 'EMP Info'!$A:$D,4, FALSE) & ")",""))) -> HR | I29: Basic Keypad Phone | J29: Nokia 105 | K29: 45572 | L29: =IFERROR(IF(Vi_SIM_Mobile[[#This Row],[Warranty Date]]<TODAY(), "Out of Warranty", IF(Vi_SIM_Mobile[[#This Row],[Warranty Date]]-TODAY()<=30, "Expiring Soon", "In Warranty")),"-") -> Out of Warranty | M29: =IFERROR(IF(Vi_SIM_Mobile[[#This Row],[Purchase Date]]="","NA",EDATE(Vi_SIM_Mobile[[#This Row],[Purchase Date]],12)),"NA") -> 45937 | S29: 89910274409014654913 | U29: Activated
A30: =ROW()-ROW(Vi_SIM_Mobile[[#Headers],[Sr. No.]]) -> 29 | B30: 9371109129 | C30: 0 | D30: E-18 Security Guard (Ramchandra Mote) | E30: Security | F30: E18 Security Main Gate | G30: E17 Security | H30: Security | I30: Basic Keypad Phone | J30: HMD 105 4G | K30: 45882 | L30: =IFERROR(IF(Vi_SIM_Mobile[[#This Row],[Warranty Date]]<TODAY(), "Out of Warranty", IF(Vi_SIM_Mobile[[#This Row],[Warranty Date]]-TODAY()<=30, "Expiring Soon", "In Warranty")),"-") -> Out of Warranty | M30: =IFERROR(IF(Vi_SIM_Mobile[[#This Row],[Purchase Date]]="","NA",EDATE(Vi_SIM_Mobile[[#This Row],[Purchase Date]],12)),"NA") -> 46247 | N30: Chinmay Mobile Shopee | O30: 359926420844295 | P30: 359926425844290 | Q30: UA01000911003253240102899 | R30: Nano SIM | S30: 89910274409014654996 | U30: Activated
A31: =ROW()-ROW(Vi_SIM_Mobile[[#Headers],[Sr. No.]]) -> 30 | B31: 9371109130 | C31: 302 | D31: =IF(Vi_SIM_Mobile[[#This Row],[Employee Code]]=0,"-",IFERROR(IF(INDEX('EMP Info'!$B:$B, MATCH(TEXT(Vi_SIM_Mobile[[#This Row],[Employee Code]],"00000"), 'EMP Info'!$A:$A, 0))=0,"",INDEX('EMP Info'!$B:$B, MATCH(TEXT(Vi_SIM_Mobile[[#This Row],[Employee Code]],"00000"), 'EMP Info'!$A:$A, 0))),IFERROR(VLOOKUP(TEXT(Vi_SIM_Mobile[[#This Row],[Employee Code]],"00000"), 'EMP Info'!$A:$D, 2, FALSE) & " (" & VLOOKUP(TEXT(Vi_SIM_Mobile[[#This Row],[Employee Code]],"00000"), 'EMP Info'!$A:$D,4, FALSE) & ")",""))) -> Pandurang Dagadu Ingale | E31: =IF(Vi_SIM_Mobile[[#This Row],[Employee Code]]=0,"-",IFERROR(IF(INDEX('EMP Info'!$C:$C, MATCH(TEXT(Vi_SIM_Mobile[[#This Row],[Employee Code]],"00000"), 'EMP Info'!$A:$A, 0))=0,"",INDEX('EMP Info'!$C:$C, MATCH(TEXT(Vi_SIM_Mobile[[#This Row],[Employee Code]],"00000"), 'EMP Info'!$A:$A, 0))),IFERROR(VLOOKUP(TEXT(Vi_SIM_Mobile[[#This Row],[Employee Code]],"00000"), 'EMP Info'!$A:$D, 2, FALSE) & " (" & VLOOKUP(TEXT(Vi_SIM_Mobile[[#This Row],[Employee Code]],"00000"), 'EMP Info'!$A:$D,4, FALSE) & ")",""))) -> Production | F31: A Block (Production) | I31: Basic Keypad Phone | J31: HMD 105 4G | K31: 45883 | L31: =IFERROR(IF(Vi_SIM_Mobile[[#This Row],[Warranty Date]]<TODAY(), "Out of Warranty", IF(Vi_SIM_Mobile[[#This Row],[Warranty Date]]-TODAY()<=30, "Expiring Soon", "In Warranty")),"-") -> Out of Warranty | M31: =IFERROR(IF(Vi_SIM_Mobile[[#This Row],[Purchase Date]]="","NA",EDATE(Vi_SIM_Mobile[[#This Row],[Purchase Date]],12)),"NA") -> 46248 | N31: Chinmay Mobile Shopee | O31: 359926420822051 | P31: 359926425822056 | Q31: UA01000911003253240129528 | R31: Nano SIM | S31: 89910274409014654921 | U31: Activated
A32: =ROW()-ROW(Vi_SIM_Mobile[[#Headers],[Sr. No.]]) -> 31 | B32: 9371109131 | C32: 0 | D32: =IF(Vi_SIM_Mobile[[#This Row],[Employee Code]]=0,"-",IFERROR(IF(INDEX('EMP Info'!$B:$B, MATCH(TEXT(Vi_SIM_Mobile[[#This Row],[Employee Code]],"00000"), 'EMP Info'!$A:$A, 0))=0,"",INDEX('EMP Info'!$B:$B, MATCH(TEXT(Vi_SIM_Mobile[[#This Row],[Employee Code]],"00000"), 'EMP Info'!$A:$A, 0))),IFERROR(VLOOKUP(TEXT(Vi_SIM_Mobile[[#This Row],[Employee Code]],"00000"), 'EMP Info'!$A:$D, 2, FALSE) & " (" & VLOOKUP(TEXT(Vi_SIM_Mobile[[#This Row],[Employee Code]],"00000"), 'EMP Info'!$A:$D,4, FALSE) & ")",""))) -> - | E32: =IF(Vi_SIM_Mobile[[#This Row],[Employee Code]]=0,"-",IFERROR(IF(INDEX('EMP Info'!$C:$C, MATCH(TEXT(Vi_SIM_Mobile[[#This Row],[Employee Code]],"00000"), 'EMP Info'!$A:$A, 0))=0,"",INDEX('EMP Info'!$C:$C, MATCH(TEXT(Vi_SIM_Mobile[[#This Row],[Employee Code]],"00000"), 'EMP Info'!$A:$A, 0))),IFERROR(VLOOKUP(TEXT(Vi_SIM_Mobile[[#This Row],[Employee Code]],"00000"), 'EMP Info'!$A:$D, 2, FALSE) & " (" & VLOOKUP(TEXT(Vi_SIM_Mobile[[#This Row],[Employee Code]],"00000"), 'EMP Info'!$A:$D,4, FALSE) & ")",""))) -> - | F32: B Block (Production) | I32: Basic Keypad Phone | J32: Nokia 105 | K32: 45546 | L32: =IFERROR(IF(Vi_SIM_Mobile[[#This Row],[Warranty Date]]<TODAY(), "Out of Warranty", IF(Vi_SIM_Mobile[[#This Row],[Warranty Date]]-TODAY()<=30, "Expiring Soon", "In Warranty")),"-") -> Out of Warranty | M32: =IFERROR(IF(Vi_SIM_Mobile[[#This Row],[Purchase Date]]="","NA",EDATE(Vi_SIM_Mobile[[#This Row],[Purchase Date]],12)),"NA") -> 45911 | S32: 89910274409014655092 | U32: Activated
A33: =ROW()-ROW(Vi_SIM_Mobile[[#Headers],[Sr. No.]]) -> 32 | B33: 9371109132 | C33: 0 | D33: =IF(Vi_SIM_Mobile[[#This Row],[Employee Code]]=0,"-",IFERROR(IF(INDEX('EMP Info'!$B:$B, MATCH(TEXT(Vi_SIM_Mobile[[#This Row],[Employee Code]],"00000"), 'EMP Info'!$A:$A, 0))=0,"",INDEX('EMP Info'!$B:$B, MATCH(TEXT(Vi_SIM_Mobile[[#This Row],[Employee Code]],"00000"), 'EMP Info'!$A:$A, 0))),IFERROR(VLOOKUP(TEXT(Vi_SIM_Mobile[[#This Row],[Employee Code]],"00000"), 'EMP Info'!$A:$D, 2, FALSE) & " (" & VLOOKUP(TEXT(Vi_SIM_Mobile[[#This Row],[Employee Code]],"00000"), 'EMP Info'!$A:$D,4, FALSE) & ")",""))) -> - | E33: =IF(Vi_SIM_Mobile[[#This Row],[Employee Code]]=0,"-",IFERROR(IF(INDEX('EMP Info'!$C:$C, MATCH(TEXT(Vi_SIM_Mobile[[#This Row],[Employee Code]],"00000"), 'EMP Info'!$A:$A, 0))=0,"",INDEX('EMP Info'!$C:$C, MATCH(TEXT(Vi_SIM_Mobile[[#This Row],[Employee Code]],"00000"), 'EMP Info'!$A:$A, 0))),IFERROR(VLOOKUP(TEXT(Vi_SIM_Mobile[[#This Row],[Employee Code]],"00000"), 'EMP Info'!$A:$D, 2, FALSE) & " (" & VLOOKUP(TEXT(Vi_SIM_Mobile[[#This Row],[Employee Code]],"00000"), 'EMP Info'!$A:$D,4, FALSE) & ")",""))) -> - | F33: D Block (Production) | I33: Basic Keypad Phone | J33: Nokia 105 | K33: 45572 | L33: =IFERROR(IF(Vi_SIM_Mobile[[#This Row],[Warranty Date]]<TODAY(), "Out of Warranty", IF(Vi_SIM_Mobile[[#This Row],[Warranty Date]]-TODAY()<=30, "Expiring Soon", "In Warranty")),"-") -> Out of Warranty | M33: =IFERROR(IF(Vi_SIM_Mobile[[#This Row],[Purchase Date]]="","NA",EDATE(Vi_SIM_Mobile[[#This Row],[Purchase Date]],12)),"NA") -> 45937 | S33: 89910274409014655027 | U33: Activated
A34: =ROW()-ROW(Vi_SIM_Mobile[[#Headers],[Sr. No.]]) -> 33 | B34: 9371109133 | C34: 0 | D34: =IF(Vi_SIM_Mobile[[#This Row],[Employee Code]]=0,"-",IFERROR(IF(INDEX('EMP Info'!$B:$B, MATCH(TEXT(Vi_SIM_Mobile[[#This Row],[Employee Code]],"00000"), 'EMP Info'!$A:$A, 0))=0,"",INDEX('EMP Info'!$B:$B, MATCH(TEXT(Vi_SIM_Mobile[[#This Row],[Employee Code]],"00000"), 'EMP Info'!$A:$A, 0))),IFERROR(VLOOKUP(TEXT(Vi_SIM_Mobile[[#This Row],[Employee Code]],"00000"), 'EMP Info'!$A:$D, 2, FALSE) & " (" & VLOOKUP(TEXT(Vi_SIM_Mobile[[#This Row],[Employee Code]],"00000"), 'EMP Info'!$A:$D,4, FALSE) & ")",""))) -> - | E34: =IF(Vi_SIM_Mobile[[#This Row],[Employee Code]]=0,"-",IFERROR(IF(INDEX('EMP Info'!$C:$C, MATCH(TEXT(Vi_SIM_Mobile[[#This Row],[Employee Code]],"00000"), 'EMP Info'!$A:$A, 0))=0,"",INDEX('EMP Info'!$C:$C, MATCH(TEXT(Vi_SIM_Mobile[[#This Row],[Employee Code]],"00000"), 'EMP Info'!$A:$A, 0))),IFERROR(VLOOKUP(TEXT(Vi_SIM_Mobile[[#This Row],[Employee Code]],"00000"), 'EMP Info'!$A:$D, 2, FALSE) & " (" & VLOOKUP(TEXT(Vi_SIM_Mobile[[#This Row],[Employee Code]],"00000"), 'EMP Info'!$A:$D,4, FALSE) & ")",""))) -> - | F34: Utility E 18 | I34: Basic Keypad Phone | J34: Nokia 105 | L34: =IFERROR(IF(Vi_SIM_Mobile[[#This Row],[Warranty Date]]<TODAY(), "Out of Warranty", IF(Vi_SIM_Mobile[[#This Row],[Warranty Date]]-TODAY()<=30, "Expiring Soon", "In Warranty")),"-") -> - | M34: =IFERROR(IF(Vi_SIM_Mobile[[#This Row],[Purchase Date]]="","NA",EDATE(Vi_SIM_Mobile[[#This Row],[Purchase Date]],12)),"NA") -> NA | S34: 89910274409014655050 | U34: Activated
A35: =ROW()-ROW(Vi_SIM_Mobile[[#Headers],[Sr. No.]]) -> 34 | B35: 9371109134 | C35: 0 | D35: E-16 Security Guard (Sunil Khawale) | E35: Security | F35: Security E16 | I35: Basic Keypad Phone | J35: HMD 105 4G | K35: 45882 | L35: =IFERROR(IF(Vi_SIM_Mobile[[#This Row],[Warranty Date]]<TODAY(), "Out of Warranty", IF(Vi_SIM_Mobile[[#This Row],[Warranty Date]]-TODAY()<=30, "Expiring Soon", "In Warranty")),"-") -> Out of Warranty | M35: =IFERROR(IF(Vi_SIM_Mobile[[#This Row],[Purchase Date]]="","NA",EDATE(Vi_SIM_Mobile[[#This Row],[Purchase Date]],12)),"NA") -> 46247 | N35: Chinmay Mobile Shopee | O35: 359926420837356 | P35: 359926425837351 | Q35: UA01000911003253240129480 | R35: Nano SIM | S35: 89910274409014655043 | U35: Activated
A36: =ROW()-ROW(Vi_SIM_Mobile[[#Headers],[Sr. No.]]) -> 35 | B36: 9371109135 | C36: 0 | D36: =IF(Vi_SIM_Mobile[[#This Row],[Employee Code]]=0,"-",IFERROR(IF(INDEX('EMP Info'!$B:$B, MATCH(TEXT(Vi_SIM_Mobile[[#This Row],[Employee Code]],"00000"), 'EMP Info'!$A:$A, 0))=0,"",INDEX('EMP Info'!$B:$B, MATCH(TEXT(Vi_SIM_Mobile[[#This Row],[Employee Code]],"00000"), 'EMP Info'!$A:$A, 0))),IFERROR(VLOOKUP(TEXT(Vi_SIM_Mobile[[#This Row],[Employee Code]],"00000"), 'EMP Info'!$A:$D, 2, FALSE) & " (" & VLOOKUP(TEXT(Vi_SIM_Mobile[[#This Row],[Employee Code]],"00000"), 'EMP Info'!$A:$D,4, FALSE) & ")",""))) -> - | E36: =IF(Vi_SIM_Mobile[[#This Row],[Employee Code]]=0,"-",IFERROR(IF(INDEX('EMP Info'!$C:$C, MATCH(TEXT(Vi_SIM_Mobile[[#This Row],[Employee Code]],"00000"), 'EMP Info'!$A:$A, 0))=0,"",INDEX('EMP Info'!$C:$C, MATCH(TEXT(Vi_SIM_Mobile[[#This Row],[Employee Code]],"00000"), 'EMP Info'!$A:$A, 0))),IFERROR(VLOOKUP(TEXT(Vi_SIM_Mobile[[#This Row],[Employee Code]],"00000"), 'EMP Info'!$A:$D, 2, FALSE) & " (" & VLOOKUP(TEXT(Vi_SIM_Mobile[[#This Row],[Employee Code]],"00000"), 'EMP Info'!$A:$D,4, FALSE) & ")",""))) -> - | F36: Shift Technician | I36: Basic Keypad Phone | J36: Nokia 105 | L36: =IFERROR(IF(Vi_SIM_Mobile[[#This Row],[Warranty Date]]<TODAY(), "Out of Warranty", IF(Vi_SIM_Mobile[[#This Row],[Warranty Date]]-TODAY()<=30, "Expiring Soon", "In Warranty")),"-") -> - | M36: =IFERROR(IF(Vi_SIM_Mobile[[#This Row],[Purchase Date]]="","NA",EDATE(Vi_SIM_Mobile[[#This Row],[Purchase Date]],12)),"NA") -> NA | S36: 89910274409014655035 | U36: Activated
A37: =ROW()-ROW(Vi_SIM_Mobile[[#Headers],[Sr. No.]]) -> 36 | B37: 9371109136 | C37: 106 | D37: =IF(Vi_SIM_Mobile[[#This Row],[Employee Code]]=0,"-",IFERROR(IF(INDEX('EMP Info'!$B:$B, MATCH(TEXT(Vi_SIM_Mobile[[#This Row],[Employee Code]],"00000"), 'EMP Info'!$A:$A, 0))=0,"",INDEX('EMP Info'!$B:$B, MATCH(TEXT(Vi_SIM_Mobile[[#This Row],[Employee Code]],"00000"), 'EMP Info'!$A:$A, 0))),IFERROR(VLOOKUP(TEXT(Vi_SIM_Mobile[[#This Row],[Employee Code]],"00000"), 'EMP Info'!$A:$D, 2, FALSE) & " (" & VLOOKUP(TEXT(Vi_SIM_Mobile[[#This Row],[Employee Code]],"00000"), 'EMP Info'!$A:$D,4, FALSE) & ")",""))) -> Ganesh Vitthal Tadaka | E37: =IF(Vi_SIM_Mobile[[#This Row],[Employee Code]]=0,"-",IFERROR(IF(INDEX('EMP Info'!$C:$C, MATCH(TEXT(Vi_SIM_Mobile[[#This Row],[Employee Code]],"00000"), 'EMP Info'!$A:$A, 0))=0,"",INDEX('EMP Info'!$C:$C, MATCH(TEXT(Vi_SIM_Mobile[[#This Row],[Employee Code]],"00000"), 'EMP Info'!$A:$A, 0))),IFERROR(VLOOKUP(TEXT(Vi_SIM_Mobile[[#This Row],[Employee Code]],"00000"), 'EMP Info'!$A:$D, 2, FALSE) & " (" & VLOOKUP(TEXT(Vi_SIM_Mobile[[#This Row],[Employee Code]],"00000"), 'EMP Info'!$A:$D,4, FALSE) & ")",""))) -> Production | F37: FG Store (Production Packing) | G37: - | H37: - | I37: Basic Keypad Phone | J37: HMD 105 4G | K37: 45935 | L37: =IFERROR(IF(Vi_SIM_Mobile[[#This Row],[Warranty Date]]<TODAY(), "Out of Warranty", IF(Vi_SIM_Mobile[[#This Row],[Warranty Date]]-TODAY()<=30, "Expiring Soon", "In Warranty")),"-") -> Expiring Soon | M37: =IFERROR(IF(Vi_SIM_Mobile[[#This Row],[Purchase Date]]="","NA",EDATE(Vi_SIM_Mobile[[#This Row],[Purchase Date]],12)),"NA") -> 46300 | N37: Chinmay Mobile Shopee | O37: 359926420827779 | P37: 359926425827774 | Q37: UA01000911003253240124651 | R37: Nano SIM | S37: 89910273509007898293 | U37: Activated
A38: =ROW()-ROW(Vi_SIM_Mobile[[#Headers],[Sr. No.]]) -> 37 | B38: 9371109137 | C38: 0 | D38: =IF(Vi_SIM_Mobile[[#This Row],[Employee Code]]=0,"-",IFERROR(IF(INDEX('EMP Info'!$B:$B, MATCH(TEXT(Vi_SIM_Mobile[[#This Row],[Employee Code]],"00000"), 'EMP Info'!$A:$A, 0))=0,"",INDEX('EMP Info'!$B:$B, MATCH(TEXT(Vi_SIM_Mobile[[#This Row],[Employee Code]],"00000"), 'EMP Info'!$A:$A, 0))),IFERROR(VLOOKUP(TEXT(Vi_SIM_Mobile[[#This Row],[Employee Code]],"00000"), 'EMP Info'!$A:$D, 2, FALSE) & " (" & VLOOKUP(TEXT(Vi_SIM_Mobile[[#This Row],[Employee Code]],"00000"), 'EMP Info'!$A:$D,4, FALSE) & ")",""))) -> - | E38: =IF(Vi_SIM_Mobile[[#This Row],[Employee Code]]=0,"-",IFERROR(IF(INDEX('EMP Info'!$C:$C, MATCH(TEXT(Vi_SIM_Mobile[[#This Row],[Employee Code]],"00000"), 'EMP Info'!$A:$A, 0))=0,"",INDEX('EMP Info'!$C:$C, MATCH(TEXT(Vi_SIM_Mobile[[#This Row],[Employee Code]],"00000"), 'EMP Info'!$A:$A, 0))),IFERROR(VLOOKUP(TEXT(Vi_SIM_Mobile[[#This Row],[Employee Code]],"00000"), 'EMP Info'!$A:$D, 2, FALSE) & " (" & VLOOKUP(TEXT(Vi_SIM_Mobile[[#This Row],[Employee Code]],"00000"), 'EMP Info'!$A:$D,4, FALSE) & ")",""))) -> - | F38: C Block in charge | I38: Basic Keypad Phone | J38: Nokia 105 | L38: =IFERROR(IF(Vi_SIM_Mobile[[#This Row],[Warranty Date]]<TODAY(), "Out of Warranty", IF(Vi_SIM_Mobile[[#This Row],[Warranty Date]]-TODAY()<=30, "Expiring Soon", "In Warranty")),"-") -> - | M38: =IFERROR(IF(Vi_SIM_Mobile[[#This Row],[Purchase Date]]="","NA",EDATE(Vi_SIM_Mobile[[#This Row],[Purchase Date]],12)),"NA") -> NA | S38: 89910273509007898301 | U38: Activated
A39: =ROW()-ROW(Vi_SIM_Mobile[[#Headers],[Sr. No.]]) -> 38 | B39: 9371109139 | C39: 365 | D39: =IF(Vi_SIM_Mobile[[#This Row],[Employee Code]]=0,"-",IFERROR(IF(INDEX('EMP Info'!$B:$B, MATCH(TEXT(Vi_SIM_Mobile[[#This Row],[Employee Code]],"00000"), 'EMP Info'!$A:$A, 0))=0,"",INDEX('EMP Info'!$B:$B, MATCH(TEXT(Vi_SIM_Mobile[[#This Row],[Employee Code]],"00000"), 'EMP Info'!$A:$A, 0))),IFERROR(VLOOKUP(TEXT(Vi_SIM_Mobile[[#This Row],[Employee Code]],"00000"), 'EMP Info'!$A:$D, 2, FALSE) & " (" & VLOOKUP(TEXT(Vi_SIM_Mobile[[#This Row],[Employee Code]],"00000"), 'EMP Info'!$A:$D,4, FALSE) & ")",""))) -> Vikas Kashinath Kale | E39: =IF(Vi_SIM_Mobile[[#This Row],[Employee Code]]=0,"-",IFERROR(IF(INDEX('EMP Info'!$C:$C, MATCH(TEXT(Vi_SIM_Mobile[[#This Row],[Employee Code]],"00000"), 'EMP Info'!$A:$A, 0))=0,"",INDEX('EMP Info'!$C:$C, MATCH(TEXT(Vi_SIM_Mobile[[#This Row],[Employee Code]],"00000"), 'EMP Info'!$A:$A, 0))),IFERROR(VLOOKUP(TEXT(Vi_SIM_Mobile[[#This Row],[Employee Code]],"00000"), 'EMP Info'!$A:$D, 2, FALSE) & " (" & VLOOKUP(TEXT(Vi_SIM_Mobile[[#This Row],[Employee Code]],"00000"), 'EMP Info'!$A:$D,4, FALSE) & ")",""))) -> Environment | F39: Safety Staff | G39: - | H39: - | I39: Basic Keypad Phone | J39: HMD 105 4G | K39: 45783 | L39: =IFERROR(IF(Vi_SIM_Mobile[[#This Row],[Warranty Date]]<TODAY(), "Out of Warranty", IF(Vi_SIM_Mobile[[#This Row],[Warranty Date]]-TODAY()<=30, "Expiring Soon", "In Warranty")),"-") -> Out of Warranty | M39: =IFERROR(IF(Vi_SIM_Mobile[[#This Row],[Purchase Date]]="","NA",EDATE(Vi_SIM_Mobile[[#This Row],[Purchase Date]],12)),"NA") -> 46148 | N39: Chinmay Mobile Shopee | O39: 353124390410943 | P39: 353124395409924 | Q39: FF040100090200124920AS03575 | R39: Nano SIM | S39: 89910274409014655076 | U39: Activated
A40: =ROW()-ROW(Vi_SIM_Mobile[[#Headers],[Sr. No.]]) -> 39 | B40: 9371109140 | C40: 0 | D40: =IF(Vi_SIM_Mobile[[#This Row],[Employee Code]]=0,"-",IFERROR(IF(INDEX('EMP Info'!$B:$B, MATCH(TEXT(Vi_SIM_Mobile[[#This Row],[Employee Code]],"00000"), 'EMP Info'!$A:$A, 0))=0,"",INDEX('EMP Info'!$B:$B, MATCH(TEXT(Vi_SIM_Mobile[[#This Row],[Employee Code]],"00000"), 'EMP Info'!$A:$A, 0))),IFERROR(VLOOKUP(TEXT(Vi_SIM_Mobile[[#This Row],[Employee Code]],"00000"), 'EMP Info'!$A:$D, 2, FALSE) & " (" & VLOOKUP(TEXT(Vi_SIM_Mobile[[#This Row],[Employee Code]],"00000"), 'EMP Info'!$A:$D,4, FALSE) & ")",""))) -> - | E40: =IF(Vi_SIM_Mobile[[#This Row],[Employee Code]]=0,"-",IFERROR(IF(INDEX('EMP Info'!$C:$C, MATCH(TEXT(Vi_SIM_Mobile[[#This Row],[Employee Code]],"00000"), 'EMP Info'!$A:$A, 0))=0,"",INDEX('EMP Info'!$C:$C, MATCH(TEXT(Vi_SIM_Mobile[[#This Row],[Employee Code]],"00000"), 'EMP Info'!$A:$A, 0))),IFERROR(VLOOKUP(TEXT(Vi_SIM_Mobile[[#This Row],[Employee Code]],"00000"), 'EMP Info'!$A:$D, 2, FALSE) & " (" & VLOOKUP(TEXT(Vi_SIM_Mobile[[#This Row],[Employee Code]],"00000"), 'EMP Info'!$A:$D,4, FALSE) & ")",""))) -> - | F40: Electrical E17 | I40: Basic Keypad Phone | J40: Hero | L40: =IFERROR(IF(Vi_SIM_Mobile[[#This Row],[Warranty Date]]<TODAY(), "Out of Warranty", IF(Vi_SIM_Mobile[[#This Row],[Warranty Date]]-TODAY()<=30, "Expiring Soon", "In Warranty")),"-") -> - | M40: =IFERROR(IF(Vi_SIM_Mobile[[#This Row],[Purchase Date]]="","NA",EDATE(Vi_SIM_Mobile[[#This Row],[Purchase Date]],12)),"NA") -> NA | S40: 89910274409014654970 | U40: Activated
A41: =ROW()-ROW(Vi_SIM_Mobile[[#Headers],[Sr. No.]]) -> 40 | B41: 9371109141 | C41: 22 | D41: =IF(Vi_SIM_Mobile[[#This Row],[Employee Code]]=0,"-",IFERROR(IF(INDEX('EMP Info'!$B:$B, MATCH(TEXT(Vi_SIM_Mobile[[#This Row],[Employee Code]],"00000"), 'EMP Info'!$A:$A, 0))=0,"",INDEX('EMP Info'!$B:$B, MATCH(TEXT(Vi_SIM_Mobile[[#This Row],[Employee Code]],"00000"), 'EMP Info'!$A:$A, 0))),IFERROR(VLOOKUP(TEXT(Vi_SIM_Mobile[[#This Row],[Employee Code]],"00000"), 'EMP Info'!$A:$D, 2, FALSE) & " (" & VLOOKUP(TEXT(Vi_SIM_Mobile[[#This Row],[Employee Code]],"00000"), 'EMP Info'!$A:$D,4, FALSE) & ")",""))) -> Savala Jagannath Kumbhar | E41: =IF(Vi_SIM_Mobile[[#This Row],[Employee Code]]=0,"-",IFERROR(IF(INDEX('EMP Info'!$C:$C, MATCH(TEXT(Vi_SIM_Mobile[[#This Row],[Employee Code]],"00000"), 'EMP Info'!$A:$A, 0))=0,"",INDEX('EMP Info'!$C:$C, MATCH(TEXT(Vi_SIM_Mobile[[#This Row],[Employee Code]],"00000"), 'EMP Info'!$A:$A, 0))),IFERROR(VLOOKUP(TEXT(Vi_SIM_Mobile[[#This Row],[Employee Code]],"00000"), 'EMP Info'!$A:$D, 2, FALSE) & " (" & VLOOKUP(TEXT(Vi_SIM_Mobile[[#This Row],[Employee Code]],"00000"), 'EMP Info'!$A:$D,4, FALSE) & ")",""))) -> Electrical | F41: Electrical E18 Shift Members | G41: - | H41: - | I41: Basic Keypad Phone | J41: HMD 105 4G | K41: 46150 | L41: =IFERROR(IF(Vi_SIM_Mobile[[#This Row],[Warranty Date]]<TODAY(), "Out of Warranty", IF(Vi_SIM_Mobile[[#This Row],[Warranty Date]]-TODAY()<=30, "Expiring Soon", "In Warranty")),"-") -> In Warranty | M41: =IFERROR(IF(Vi_SIM_Mobile[[#This Row],[Purchase Date]]="","NA",EDATE(Vi_SIM_Mobile[[#This Row],[Purchase Date]],12)),"NA") -> 46515 | N41: Chinmay Mobile Shopee | O41: 359926421650725 | P41: 359926426650720 | Q41: UA01000911003261180124066 | R41: Nano SIM | S41: 89910274409014654988 | U41: Activated | V41: Mobile Handset (replaced with a damaged one)
A42: =ROW()-ROW(Vi_SIM_Mobile[[#Headers],[Sr. No.]]) -> 41 | B42: 9371109142 | C42: 603 | D42: =IF(Vi_SIM_Mobile[[#This Row],[Employee Code]]=0,"-",IFERROR(IF(INDEX('EMP Info'!$B:$B, MATCH(TEXT(Vi_SIM_Mobile[[#This Row],[Employee Code]],"00000"), 'EMP Info'!$A:$A, 0))=0,"",INDEX('EMP Info'!$B:$B, MATCH(TEXT(Vi_SIM_Mobile[[#This Row],[Employee Code]],"00000"), 'EMP Info'!$A:$A, 0))),IFERROR(VLOOKUP(TEXT(Vi_SIM_Mobile[[#This Row],[Employee Code]],"00000"), 'EMP Info'!$A:$D, 2, FALSE) & " (" & VLOOKUP(TEXT(Vi_SIM_Mobile[[#This Row],[Employee Code]],"00000"), 'EMP Info'!$A:$D,4, FALSE) & ")",""))) -> Dattatray Deepak Chavan | E42: =IF(Vi_SIM_Mobile[[#This Row],[Employee Code]]=0,"-",IFERROR(IF(INDEX('EMP Info'!$C:$C, MATCH(TEXT(Vi_SIM_Mobile[[#This Row],[Employee Code]],"00000"), 'EMP Info'!$A:$A, 0))=0,"",INDEX('EMP Info'!$C:$C, MATCH(TEXT(Vi_SIM_Mobile[[#This Row],[Employee Code]],"00000"), 'EMP Info'!$A:$A, 0))),IFERROR(VLOOKUP(TEXT(Vi_SIM_Mobile[[#This Row],[Employee Code]],"00000"), 'EMP Info'!$A:$D, 2, FALSE) & " (" & VLOOKUP(TEXT(Vi_SIM_Mobile[[#This Row],[Employee Code]],"00000"), 'EMP Info'!$A:$D,4, FALSE) & ")",""))) -> Maintenance | F42: Utility | I42: Basic Keypad Phone | J42: Nokia 105 | K42: 45617 | L42: =IFERROR(IF(Vi_SIM_Mobile[[#This Row],[Warranty Date]]<TODAY(), "Out of Warranty", IF(Vi_SIM_Mobile[[#This Row],[Warranty Date]]-TODAY()<=30, "Expiring Soon", "In Warranty")),"-") -> Out of Warranty | M42: =IFERROR(IF(Vi_SIM_Mobile[[#This Row],[Purchase Date]]="","NA",EDATE(Vi_SIM_Mobile[[#This Row],[Purchase Date]],12)),"NA") -> 45982 | S42: 89910275909003434929 | U42: Activated
A43: =ROW()-ROW(Vi_SIM_Mobile[[#Headers],[Sr. No.]]) -> 42 | B43: 9371109144 | C43: 0 | D43: =IF(Vi_SIM_Mobile[[#This Row],[Employee Code]]=0,"-",IFERROR(IF(INDEX('EMP Info'!$B:$B, MATCH(TEXT(Vi_SIM_Mobile[[#This Row],[Employee Code]],"00000"), 'EMP Info'!$A:$A, 0))=0,"",INDEX('EMP Info'!$B:$B, MATCH(TEXT(Vi_SIM_Mobile[[#This Row],[Employee Code]],"00000"), 'EMP Info'!$A:$A, 0))),IFERROR(VLOOKUP(TEXT(Vi_SIM_Mobile[[#This Row],[Employee Code]],"00000"), 'EMP Info'!$A:$D, 2, FALSE) & " (" & VLOOKUP(TEXT(Vi_SIM_Mobile[[#This Row],[Employee Code]],"00000"), 'EMP Info'!$A:$D,4, FALSE) & ")",""))) -> - | E43: =IF(Vi_SIM_Mobile[[#This Row],[Employee Code]]=0,"-",IFERROR(IF(INDEX('EMP Info'!$C:$C, MATCH(TEXT(Vi_SIM_Mobile[[#This Row],[Employee Code]],"00000"), 'EMP Info'!$A:$A, 0))=0,"",INDEX('EMP Info'!$C:$C, MATCH(TEXT(Vi_SIM_Mobile[[#This Row],[Employee Code]],"00000"), 'EMP Info'!$A:$A, 0))),IFERROR(VLOOKUP(TEXT(Vi_SIM_Mobile[[#This Row],[Employee Code]],"00000"), 'EMP Info'!$A:$D, 2, FALSE) & " (" & VLOOKUP(TEXT(Vi_SIM_Mobile[[#This Row],[Employee Code]],"00000"), 'EMP Info'!$A:$D,4, FALSE) & ")",""))) -> - | F43: E22 Boiler Operator | I43: Basic Keypad Phone | J43: Nokia 105 | L43: =IFERROR(IF(Vi_SIM_Mobile[[#This Row],[Warranty Date]]<TODAY(), "Out of Warranty", IF(Vi_SIM_Mobile[[#This Row],[Warranty Date]]-TODAY()<=30, "Expiring Soon", "In Warranty")),"-") -> - | M43: =IFERROR(IF(Vi_SIM_Mobile[[#This Row],[Purchase Date]]="","NA",EDATE(Vi_SIM_Mobile[[#This Row],[Purchase Date]],12)),"NA") -> NA | S43: 89910274409014654947 | U43: Activated
A44: =ROW()-ROW(Vi_SIM_Mobile[[#Headers],[Sr. No.]]) -> 43 | B44: 9371109145 | C44: 0 | D44: =IF(Vi_SIM_Mobile[[#This Row],[Employee Code]]=0,"-",IFERROR(IF(INDEX('EMP Info'!$B:$B, MATCH(TEXT(Vi_SIM_Mobile[[#This Row],[Employee Code]],"00000"), 'EMP Info'!$A:$A, 0))=0,"",INDEX('EMP Info'!$B:$B, MATCH(TEXT(Vi_SIM_Mobile[[#This Row],[Employee Code]],"00000"), 'EMP Info'!$A:$A, 0))),IFERROR(VLOOKUP(TEXT(Vi_SIM_Mobile[[#This Row],[Employee Code]],"00000"), 'EMP Info'!$A:$D, 2, FALSE) & " (" & VLOOKUP(TEXT(Vi_SIM_Mobile[[#This Row],[Employee Code]],"00000"), 'EMP Info'!$A:$D,4, FALSE) & ")",""))) -> - | E44: =IF(Vi_SIM_Mobile[[#This Row],[Employee Code]]=0,"-",IFERROR(IF(INDEX('EMP Info'!$C:$C, MATCH(TEXT(Vi_SIM_Mobile[[#This Row],[Employee Code]],"00000"), 'EMP Info'!$A:$A, 0))=0,"",INDEX('EMP Info'!$C:$C, MATCH(TEXT(Vi_SIM_Mobile[[#This Row],[Employee Code]],"00000"), 'EMP Info'!$A:$A, 0))),IFERROR(VLOOKUP(TEXT(Vi_SIM_Mobile[[#This Row],[Employee Code]],"00000"), 'EMP Info'!$A:$D, 2, FALSE) & " (" & VLOOKUP(TEXT(Vi_SIM_Mobile[[#This Row],[Employee Code]],"00000"), 'EMP Info'!$A:$D,4, FALSE) & ")",""))) -> - | F44: QC | I44: Smartphone | J44: Tecno spark smartphone | L44: =IFERROR(IF(Vi_SIM_Mobile[[#This Row],[Warranty Date]]<TODAY(), "Out of Warranty", IF(Vi_SIM_Mobile[[#This Row],[Warranty Date]]-TODAY()<=30, "Expiring Soon", "In Warranty")),"-") -> - | M44: =IFERROR(IF(Vi_SIM_Mobile[[#This Row],[Purchase Date]]="","NA",EDATE(Vi_SIM_Mobile[[#This Row],[Purchase Date]],12)),"NA") -> NA | S44: 89910274409014654954 | U44: Activated
A45: =ROW()-ROW(Vi_SIM_Mobile[[#Headers],[Sr. No.]]) -> 44 | B45: 9371109146 | C45: 365 | D45: =IF(Vi_SIM_Mobile[[#This Row],[Employee Code]]=0,"-",IFERROR(IF(INDEX('EMP Info'!$B:$B, MATCH(TEXT(Vi_SIM_Mobile[[#This Row],[Employee Code]],"00000"), 'EMP Info'!$A:$A, 0))=0,"",INDEX('EMP Info'!$B:$B, MATCH(TEXT(Vi_SIM_Mobile[[#This Row],[Employee Code]],"00000"), 'EMP Info'!$A:$A, 0))),IFERROR(VLOOKUP(TEXT(Vi_SIM_Mobile[[#This Row],[Employee Code]],"00000"), 'EMP Info'!$A:$D, 2, FALSE) & " (" & VLOOKUP(TEXT(Vi_SIM_Mobile[[#This Row],[Employee Code]],"00000"), 'EMP Info'!$A:$D,4, FALSE) & ")",""))) -> Vikas Kashinath Kale | E45: =IF(Vi_SIM_Mobile[[#This Row],[Employee Code]]=0,"-",IFERROR(IF(INDEX('EMP Info'!$C:$C, MATCH(TEXT(Vi_SIM_Mobile[[#This Row],[Employee Code]],"00000"), 'EMP Info'!$A:$A, 0))=0,"",INDEX('EMP Info'!$C:$C, MATCH(TEXT(Vi_SIM_Mobile[[#This Row],[Employee Code]],"00000"), 'EMP Info'!$A:$A, 0))),IFERROR(VLOOKUP(TEXT(Vi_SIM_Mobile[[#This Row],[Employee Code]],"00000"), 'EMP Info'!$A:$D, 2, FALSE) & " (" & VLOOKUP(TEXT(Vi_SIM_Mobile[[#This Row],[Employee Code]],"00000"), 'EMP Info'!$A:$D,4, FALSE) & ")",""))) -> Environment | F45: ETP | I45: Basic Keypad Phone | J45: HMD 105 4G | K45: 45882 | L45: =IFERROR(IF(Vi_SIM_Mobile[[#This Row],[Warranty Date]]<TODAY(), "Out of Warranty", IF(Vi_SIM_Mobile[[#This Row],[Warranty Date]]-TODAY()<=30, "Expiring Soon", "In Warranty")),"-") -> Out of Warranty | M45: =IFERROR(IF(Vi_SIM_Mobile[[#This Row],[Purchase Date]]="","NA",EDATE(Vi_SIM_Mobile[[#This Row],[Purchase Date]],12)),"NA") -> 46247 | N45: Chinmay Mobile Shopee | O45: 359926420822051 | P45: 359926425822056 | Q45: UA01000911003253240129528 | R45: Nano SIM | S45: 89910274409014655357 | U45: Activated
A46: =ROW()-ROW(Vi_SIM_Mobile[[#Headers],[Sr. No.]]) -> 45 | B46: 9371109147 | C46: 365 | D46: =IF(Vi_SIM_Mobile[[#This Row],[Employee Code]]=0,"-",IFERROR(IF(INDEX('EMP Info'!$B:$B, MATCH(TEXT(Vi_SIM_Mobile[[#This Row],[Employee Code]],"00000"), 'EMP Info'!$A:$A, 0))=0,"",INDEX('EMP Info'!$B:$B, MATCH(TEXT(Vi_SIM_Mobile[[#This Row],[Employee Code]],"00000"), 'EMP Info'!$A:$A, 0))),IFERROR(VLOOKUP(TEXT(Vi_SIM_Mobile[[#This Row],[Employee Code]],"00000"), 'EMP Info'!$A:$D, 2, FALSE) & " (" & VLOOKUP(TEXT(Vi_SIM_Mobile[[#This Row],[Employee Code]],"00000"), 'EMP Info'!$A:$D,4, FALSE) & ")",""))) -> Vikas Kashinath Kale | E46: =IF(Vi_SIM_Mobile[[#This Row],[Employee Code]]=0,"-",IFERROR(IF(INDEX('EMP Info'!$C:$C, MATCH(TEXT(Vi_SIM_Mobile[[#This Row],[Employee Code]],"00000"), 'EMP Info'!$A:$A, 0))=0,"",INDEX('EMP Info'!$C:$C, MATCH(TEXT(Vi_SIM_Mobile[[#This Row],[Employee Code]],"00000"), 'EMP Info'!$A:$A, 0))),IFERROR(VLOOKUP(TEXT(Vi_SIM_Mobile[[#This Row],[Employee Code]],"00000"), 'EMP Info'!$A:$D, 2, FALSE) & " (" & VLOOKUP(TEXT(Vi_SIM_Mobile[[#This Row],[Employee Code]],"00000"), 'EMP Info'!$A:$D,4, FALSE) & ")",""))) -> Environment | F46: Samadhan Gaikwad MEE Plant | G46: - | H46: - | I46: Basic Keypad Phone | J46: HMD 105 4G | K46: 45882 | L46: =IFERROR(IF(Vi_SIM_Mobile[[#This Row],[Warranty Date]]<TODAY(), "Out of Warranty", IF(Vi_SIM_Mobile[[#This Row],[Warranty Date]]-TODAY()<=30, "Expiring Soon", "In Warranty")),"-") -> Out of Warranty | M46: =IFERROR(IF(Vi_SIM_Mobile[[#This Row],[Purchase Date]]="","NA",EDATE(Vi_SIM_Mobile[[#This Row],[Purchase Date]],12)),"NA") -> 46247 | N46: Chinmay Mobile Shopee | O46: 359926420830948 | P46: 359926425830943 | Q46: UA01000911003253240125497 | R46: Nano SIM | S46: 89910274409014655365 | U46: Activated
A47: =ROW()-ROW(Vi_SIM_Mobile[[#Headers],[Sr. No.]]) -> 46 | B47: 9371109148 | C47: 383 | D47: =IF(Vi_SIM_Mobile[[#This Row],[Employee Code]]=0,"-",IFERROR(IF(INDEX('EMP Info'!$B:$B, MATCH(TEXT(Vi_SIM_Mobile[[#This Row],[Employee Code]],"00000"), 'EMP Info'!$A:$A, 0))=0,"",INDEX('EMP Info'!$B:$B, MATCH(TEXT(Vi_SIM_Mobile[[#This Row],[Employee Code]],"00000"), 'EMP Info'!$A:$A, 0))),IFERROR(VLOOKUP(TEXT(Vi_SIM_Mobile[[#This Row],[Employee Code]],"00000"), 'EMP Info'!$A:$D, 2, FALSE) & " (" & VLOOKUP(TEXT(Vi_SIM_Mobile[[#This Row],[Employee Code]],"00000"), 'EMP Info'!$A:$D,4, FALSE) & ")",""))) -> Siddeshwar Mahadev More | E47: =IF(Vi_SIM_Mobile[[#This Row],[Employee Code]]=0,"-",IFERROR(IF(INDEX('EMP Info'!$C:$C, MATCH(TEXT(Vi_SIM_Mobile[[#This Row],[Employee Code]],"00000"), 'EMP Info'!$A:$A, 0))=0,"",INDEX('EMP Info'!$C:$C, MATCH(TEXT(Vi_SIM_Mobile[[#This Row],[Employee Code]],"00000"), 'EMP Info'!$A:$A, 0))),IFERROR(VLOOKUP(TEXT(Vi_SIM_Mobile[[#This Row],[Employee Code]],"00000"), 'EMP Info'!$A:$D, 2, FALSE) & " (" & VLOOKUP(TEXT(Vi_SIM_Mobile[[#This Row],[Employee Code]],"00000"), 'EMP Info'!$A:$D,4, FALSE) & ")",""))) -> Utility | F47: RO+DM Plant | I47: Basic Keypad Phone | J47: HMD 105 4G | K47: 46071 | L47: =IFERROR(IF(Vi_SIM_Mobile[[#This Row],[Warranty Date]]<TODAY(), "Out of Warranty", IF(Vi_SIM_Mobile[[#This Row],[Warranty Date]]-TODAY()<=30, "Expiring Soon", "In Warranty")),"-") -> In Warranty | M47: =IFERROR(IF(Vi_SIM_Mobile[[#This Row],[Purchase Date]]="","NA",EDATE(Vi_SIM_Mobile[[#This Row],[Purchase Date]],12)),"NA") -> 46436 | N47: Chinmay Mobile Shopee | O47: 353124390425966 | P47: 353124395424949 | Q47: FF040100090200124829AS23306 | R47: Nano SIM | S47: 89910274409014655373 | U47: Activated | V47: Replaced with damaged Mobile (Damage mobile purchase Date: 23-04-2025)
A48: =ROW()-ROW(Vi_SIM_Mobile[[#Headers],[Sr. No.]]) -> 47 | B48: 9371109149 | C48: 245 | D48: =IF(Vi_SIM_Mobile[[#This Row],[Employee Code]]=0,"-",IFERROR(IF(INDEX('EMP Info'!$B:$B, MATCH(TEXT(Vi_SIM_Mobile[[#This Row],[Employee Code]],"00000"), 'EMP Info'!$A:$A, 0))=0,"",INDEX('EMP Info'!$B:$B, MATCH(TEXT(Vi_SIM_Mobile[[#This Row],[Employee Code]],"00000"), 'EMP Info'!$A:$A, 0))),IFERROR(VLOOKUP(TEXT(Vi_SIM_Mobile[[#This Row],[Employee Code]],"00000"), 'EMP Info'!$A:$D, 2, FALSE) & " (" & VLOOKUP(TEXT(Vi_SIM_Mobile[[#This Row],[Employee Code]],"00000"), 'EMP Info'!$A:$D,4, FALSE) & ")",""))) -> Balbhim Dadarao Kale | E48: =IF(Vi_SIM_Mobile[[#This Row],[Employee Code]]=0,"-",IFERROR(IF(INDEX('EMP Info'!$C:$C, MATCH(TEXT(Vi_SIM_Mobile[[#This Row],[Employee Code]],"00000"), 'EMP Info'!$A:$A, 0))=0,"",INDEX('EMP Info'!$C:$C, MATCH(TEXT(Vi_SIM_Mobile[[#This Row],[Employee Code]],"00000"), 'EMP Info'!$A:$A, 0))),IFERROR(VLOOKUP(TEXT(Vi_SIM_Mobile[[#This Row],[Employee Code]],"00000"), 'EMP Info'!$A:$D, 2, FALSE) & " (" & VLOOKUP(TEXT(Vi_SIM_Mobile[[#This Row],[Employee Code]],"00000"), 'EMP Info'!$A:$D,4, FALSE) & ")",""))) -> Maintenance | F48: Shift Maintenance 2 | I48: Basic Keypad Phone | J48: HMD 105 4G | K48: 46252 | L48: =IFERROR(IF(Vi_SIM_Mobile[[#This Row],[Warranty Date]]<TODAY(), "Out of Warranty", IF(Vi_SIM_Mobile[[#This Row],[Warranty Date]]-TODAY()<=30, "Expiring Soon", "In Warranty")),"-") -> In Warranty | M48: =IFERROR(IF(Vi_SIM_Mobile[[#This Row],[Purchase Date]]="","NA",EDATE(Vi_SIM_Mobile[[#This Row],[Purchase Date]],12)),"NA") -> 46617 | N48: Chinmay Mobile Shopee | O48: 359926421915094 | P48: 359926426915099 | Q48: FF040100090200526420AS06153 | R48: Nano SIM | S48: 89910274409014655381 | U48: Activated | V48: Replaced with damaged Mobile (Damage mobile purchase Date: 20-07-2026) | X48: 46223
A49: =ROW()-ROW(Vi_SIM_Mobile[[#Headers],[Sr. No.]]) -> 48 | B49: 9371109150 | C49: 0 | D49: =IF(Vi_SIM_Mobile[[#This Row],[Employee Code]]=0,"-",IFERROR(IF(INDEX('EMP Info'!$B:$B, MATCH(TEXT(Vi_SIM_Mobile[[#This Row],[Employee Code]],"00000"), 'EMP Info'!$A:$A, 0))=0,"",INDEX('EMP Info'!$B:$B, MATCH(TEXT(Vi_SIM_Mobile[[#This Row],[Employee Code]],"00000"), 'EMP Info'!$A:$A, 0))),IFERROR(VLOOKUP(TEXT(Vi_SIM_Mobile[[#This Row],[Employee Code]],"00000"), 'EMP Info'!$A:$D, 2, FALSE) & " (" & VLOOKUP(TEXT(Vi_SIM_Mobile[[#This Row],[Employee Code]],"00000"), 'EMP Info'!$A:$D,4, FALSE) & ")",""))) -> - | E49: =IF(Vi_SIM_Mobile[[#This Row],[Employee Code]]=0,"-",IFERROR(IF(INDEX('EMP Info'!$C:$C, MATCH(TEXT(Vi_SIM_Mobile[[#This Row],[Employee Code]],"00000"), 'EMP Info'!$A:$A, 0))=0,"",INDEX('EMP Info'!$C:$C, MATCH(TEXT(Vi_SIM_Mobile[[#This Row],[Employee Code]],"00000"), 'EMP Info'!$A:$A, 0))),IFERROR(VLOOKUP(TEXT(Vi_SIM_Mobile[[#This Row],[Employee Code]],"00000"), 'EMP Info'!$A:$D, 2, FALSE) & " (" & VLOOKUP(TEXT(Vi_SIM_Mobile[[#This Row],[Employee Code]],"00000"), 'EMP Info'!$A:$D,4, FALSE) & ")",""))) -> - | F49: Forklift | I49: Basic Keypad Phone | J49: Nokia 105 | L49: =IFERROR(IF(Vi_SIM_Mobile[[#This Row],[Warranty Date]]<TODAY(), "Out of Warranty", IF(Vi_SIM_Mobile[[#This Row],[Warranty Date]]-TODAY()<=30, "Expiring Soon", "In Warranty")),"-") -> - | M49: =IFERROR(IF(Vi_SIM_Mobile[[#This Row],[Purchase Date]]="","NA",EDATE(Vi_SIM_Mobile[[#This Row],[Purchase Date]],12)),"NA") -> NA | S49: 89910274409014655399 | U49: Activated
A50: =ROW()-ROW(Vi_SIM_Mobile[[#Headers],[Sr. No.]]) -> 49 | B50: 9371109152 | C50: 616 | D50: =IF(Vi_SIM_Mobile[[#This Row],[Employee Code]]=0,"-",IFERROR(IF(INDEX('EMP Info'!$B:$B, MATCH(TEXT(Vi_SIM_Mobile[[#This Row],[Employee Code]],"00000"), 'EMP Info'!$A:$A, 0))=0,"",INDEX('EMP Info'!$B:$B, MATCH(TEXT(Vi_SIM_Mobile[[#This Row],[Employee Code]],"00000"), 'EMP Info'!$A:$A, 0))),IFERROR(VLOOKUP(TEXT(Vi_SIM_Mobile[[#This Row],[Employee Code]],"00000"), 'EMP Info'!$A:$D, 2, FALSE) & " (" & VLOOKUP(TEXT(Vi_SIM_Mobile[[#This Row],[Employee Code]],"00000"), 'EMP Info'!$A:$D,4, FALSE) & ")",""))) -> Satishkumar Sidramappa Devdurgkar | E50: =IF(Vi_SIM_Mobile[[#This Row],[Employee Code]]=0,"-",IFERROR(IF(INDEX('EMP Info'!$C:$C, MATCH(TEXT(Vi_SIM_Mobile[[#This Row],[Employee Code]],"00000"), 'EMP Info'!$A:$A, 0))=0,"",INDEX('EMP Info'!$C:$C, MATCH(TEXT(Vi_SIM_Mobile[[#This Row],[Employee Code]],"00000"), 'EMP Info'!$A:$A, 0))),IFERROR(VLOOKUP(TEXT(Vi_SIM_Mobile[[#This Row],[Employee Code]],"00000"), 'EMP Info'!$A:$D, 2, FALSE) & " (" & VLOOKUP(TEXT(Vi_SIM_Mobile[[#This Row],[Employee Code]],"00000"), 'EMP Info'!$A:$D,4, FALSE) & ")",""))) -> Instrument | F50: E-17 Plant General Shift Engineer | G50: - | H50: - | I50: Basic Keypad Phone | J50: HMD 105 4G | K50: 46219 | L50: =IFERROR(IF(Vi_SIM_Mobile[[#This Row],[Warranty Date]]<TODAY(), "Out of Warranty", IF(Vi_SIM_Mobile[[#This Row],[Warranty Date]]-TODAY()<=30, "Expiring Soon", "In Warranty")),"-") -> In Warranty | M50: =IFERROR(IF(Vi_SIM_Mobile[[#This Row],[Purchase Date]]="","NA",EDATE(Vi_SIM_Mobile[[#This Row],[Purchase Date]],12)),"NA") -> 46584 | N50: Amazon Online | O50: 359926421655906 | P50: 359926426655901 | Q50: UA01000911003261180129511 | R50: Nano SIM | S50: 89910274409014655407 | U50: Activated | V50: Replaced with damaged Mobile (Damage mobile purchase Date: 23-04-2025) Type C Charger No.: BHCIN275462D63D9
A51: =ROW()-ROW(Vi_SIM_Mobile[[#Headers],[Sr. No.]]) -> 50 | B51: 9371109153 | C51: 0 | D51: =IF(Vi_SIM_Mobile[[#This Row],[Employee Code]]=0,"-",IFERROR(IF(INDEX('EMP Info'!$B:$B, MATCH(TEXT(Vi_SIM_Mobile[[#This Row],[Employee Code]],"00000"), 'EMP Info'!$A:$A, 0))=0,"",INDEX('EMP Info'!$B:$B, MATCH(TEXT(Vi_SIM_Mobile[[#This Row],[Employee Code]],"00000"), 'EMP Info'!$A:$A, 0))),IFERROR(VLOOKUP(TEXT(Vi_SIM_Mobile[[#This Row],[Employee Code]],"00000"), 'EMP Info'!$A:$D, 2, FALSE) & " (" & VLOOKUP(TEXT(Vi_SIM_Mobile[[#This Row],[Employee Code]],"00000"), 'EMP Info'!$A:$D,4, FALSE) & ")",""))) -> - | E51: =IF(Vi_SIM_Mobile[[#This Row],[Employee Code]]=0,"-",IFERROR(IF(INDEX('EMP Info'!$C:$C, MATCH(TEXT(Vi_SIM_Mobile[[#This Row],[Employee Code]],"00000"), 'EMP Info'!$A:$A, 0))=0,"",INDEX('EMP Info'!$C:$C, MATCH(TEXT(Vi_SIM_Mobile[[#This Row],[Employee Code]],"00000"), 'EMP Info'!$A:$A, 0))),IFERROR(VLOOKUP(TEXT(Vi_SIM_Mobile[[#This Row],[Employee Code]],"00000"), 'EMP Info'!$A:$D, 2, FALSE) & " (" & VLOOKUP(TEXT(Vi_SIM_Mobile[[#This Row],[Employee Code]],"00000"), 'EMP Info'!$A:$D,4, FALSE) & ")",""))) -> - | F51: RM Tanker Unloading | I51: Basic Keypad Phone | J51: Hero | L51: =IFERROR(IF(Vi_SIM_Mobile[[#This Row],[Warranty Date]]<TODAY(), "Out of Warranty", IF(Vi_SIM_Mobile[[#This Row],[Warranty Date]]-TODAY()<=30, "Expiring Soon", "In Warranty")),"-") -> - | M51: =IFERROR(IF(Vi_SIM_Mobile[[#This Row],[Purchase Date]]="","NA",EDATE(Vi_SIM_Mobile[[#This Row],[Purchase Date]],12)),"NA") -> NA | S51: 89910274409014655415 | U51: Activated
A52: =ROW()-ROW(Vi_SIM_Mobile[[#Headers],[Sr. No.]]) -> 51 | B52: 9371109154 | C52: 360 | D52: =IF(Vi_SIM_Mobile[[#This Row],[Employee Code]]=0,"-",IFERROR(IF(INDEX('EMP Info'!$B:$B, MATCH(TEXT(Vi_SIM_Mobile[[#This Row],[Employee Code]],"00000"), 'EMP Info'!$A:$A, 0))=0,"",INDEX('EMP Info'!$B:$B, MATCH(TEXT(Vi_SIM_Mobile[[#This Row],[Employee Code]],"00000"), 'EMP Info'!$A:$A, 0))),IFERROR(VLOOKUP(TEXT(Vi_SIM_Mobile[[#This Row],[Employee Code]],"00000"), 'EMP Info'!$A:$D, 2, FALSE) & " (" & VLOOKUP(TEXT(Vi_SIM_Mobile[[#This Row],[Employee Code]],"00000"), 'EMP Info'!$A:$D,4, FALSE) & ")",""))) -> Navanath Arjun Shep | E52: =IF(Vi_SIM_Mobile[[#This Row],[Employee Code]]=0,"-",IFERROR(IF(INDEX('EMP Info'!$C:$C, MATCH(TEXT(Vi_SIM_Mobile[[#This Row],[Employee Code]],"00000"), 'EMP Info'!$A:$A, 0))=0,"",INDEX('EMP Info'!$C:$C, MATCH(TEXT(Vi_SIM_Mobile[[#This Row],[Employee Code]],"00000"), 'EMP Info'!$A:$A, 0))),IFERROR(VLOOKUP(TEXT(Vi_SIM_Mobile[[#This Row],[Employee Code]],"00000"), 'EMP Info'!$A:$D, 2, FALSE) & " (" & VLOOKUP(TEXT(Vi_SIM_Mobile[[#This Row],[Employee Code]],"00000"), 'EMP Info'!$A:$D,4, FALSE) & ")",""))) -> Instrument | J52: - | L52: =IFERROR(IF(Vi_SIM_Mobile[[#This Row],[Warranty Date]]<TODAY(), "Out of Warranty", IF(Vi_SIM_Mobile[[#This Row],[Warranty Date]]-TODAY()<=30, "Expiring Soon", "In Warranty")),"-") -> - | M52: =IFERROR(IF(Vi_SIM_Mobile[[#This Row],[Purchase Date]]="","NA",EDATE(Vi_SIM_Mobile[[#This Row],[Purchase Date]],12)),"NA") -> NA | S52: 89910273509007897634 | U52: Activated
A53: =ROW()-ROW(Vi_SIM_Mobile[[#Headers],[Sr. No.]]) -> 52 | B53: 9371109156 | C53: 0 | D53: =IF(Vi_SIM_Mobile[[#This Row],[Employee Code]]=0,"-",IFERROR(IF(INDEX('EMP Info'!$B:$B, MATCH(TEXT(Vi_SIM_Mobile[[#This Row],[Employee Code]],"00000"), 'EMP Info'!$A:$A, 0))=0,"",INDEX('EMP Info'!$B:$B, MATCH(TEXT(Vi_SIM_Mobile[[#This Row],[Employee Code]],"00000"), 'EMP Info'!$A:$A, 0))),IFERROR(VLOOKUP(TEXT(Vi_SIM_Mobile[[#This Row],[Employee Code]],"00000"), 'EMP Info'!$A:$D, 2, FALSE) & " (" & VLOOKUP(TEXT(Vi_SIM_Mobile[[#This Row],[Employee Code]],"00000"), 'EMP Info'!$A:$D,4, FALSE) & ")",""))) -> - | E53: =IF(Vi_SIM_Mobile[[#This Row],[Employee Code]]=0,"-",IFERROR(IF(INDEX('EMP Info'!$C:$C, MATCH(TEXT(Vi_SIM_Mobile[[#This Row],[Employee Code]],"00000"), 'EMP Info'!$A:$A, 0))=0,"",INDEX('EMP Info'!$C:$C, MATCH(TEXT(Vi_SIM_Mobile[[#This Row],[Employee Code]],"00000"), 'EMP Info'!$A:$A, 0))),IFERROR(VLOOKUP(TEXT(Vi_SIM_Mobile[[#This Row],[Employee Code]],"00000"), 'EMP Info'!$A:$D, 2, FALSE) & " (" & VLOOKUP(TEXT(Vi_SIM_Mobile[[#This Row],[Employee Code]],"00000"), 'EMP Info'!$A:$D,4, FALSE) & ")",""))) -> - | F53: E-18 Plant General Shift Engineer | I53: Basic Keypad Phone | J53: Nokia 105 | L53: =IFERROR(IF(Vi_SIM_Mobile[[#This Row],[Warranty Date]]<TODAY(), "Out of Warranty", IF(Vi_SIM_Mobile[[#This Row],[Warranty Date]]-TODAY()<=30, "Expiring Soon", "In Warranty")),"-") -> - | M53: =IFERROR(IF(Vi_SIM_Mobile[[#This Row],[Purchase Date]]="","NA",EDATE(Vi_SIM_Mobile[[#This Row],[Purchase Date]],12)),"NA") -> NA | S53: 89910273509007898269 | U53: Activated
A54: =ROW()-ROW(Vi_SIM_Mobile[[#Headers],[Sr. No.]]) -> 53 | B54: 9371109180 | C54: 659 | D54: =IF(Vi_SIM_Mobile[[#This Row],[Employee Code]]=0,"-",IFERROR(IF(INDEX('EMP Info'!$B:$B, MATCH(TEXT(Vi_SIM_Mobile[[#This Row],[Employee Code]],"00000"), 'EMP Info'!$A:$A, 0))=0,"",INDEX('EMP Info'!$B:$B, MATCH(TEXT(Vi_SIM_Mobile[[#This Row],[Employee Code]],"00000"), 'EMP Info'!$A:$A, 0))),IFERROR(VLOOKUP(TEXT(Vi_SIM_Mobile[[#This Row],[Employee Code]],"00000"), 'EMP Info'!$A:$D, 2, FALSE) & " (" & VLOOKUP(TEXT(Vi_SIM_Mobile[[#This Row],[Employee Code]],"00000"), 'EMP Info'!$A:$D,4, FALSE) & ")",""))) -> Shaktiprasad Nagnath Jagtap | E54: =IF(Vi_SIM_Mobile[[#This Row],[Employee Code]]=0,"-",IFERROR(IF(INDEX('EMP Info'!$C:$C, MATCH(TEXT(Vi_SIM_Mobile[[#This Row],[Employee Code]],"00000"), 'EMP Info'!$A:$A, 0))=0,"",INDEX('EMP Info'!$C:$C, MATCH(TEXT(Vi_SIM_Mobile[[#This Row],[Employee Code]],"00000"), 'EMP Info'!$A:$A, 0))),IFERROR(VLOOKUP(TEXT(Vi_SIM_Mobile[[#This Row],[Employee Code]],"00000"), 'EMP Info'!$A:$D, 2, FALSE) & " (" & VLOOKUP(TEXT(Vi_SIM_Mobile[[#This Row],[Employee Code]],"00000"), 'EMP Info'!$A:$D,4, FALSE) & ")",""))) -> IT | G54: - | H54: - | J54: Personal | K54: - | L54: =IFERROR(IF(Vi_SIM_Mobile[[#This Row],[Warranty Date]]<TODAY(), "Out of Warranty", IF(Vi_SIM_Mobile[[#This Row],[Warranty Date]]-TODAY()<=30, "Expiring Soon", "In Warranty")),"-") -> - | M54: =IFERROR(IF(Vi_SIM_Mobile[[#This Row],[Purchase Date]]="","NA",EDATE(Vi_SIM_Mobile[[#This Row],[Purchase Date]],12)),"NA") -> NA | R54: Nano SIM | S54: 89910275109043671669 | U54: Activated | V54: Use of Personal Mobile Permission Received
A55: =ROW()-ROW(Vi_SIM_Mobile[[#Headers],[Sr. No.]]) -> 54 | B55: 9371109182 | C55: 607 | D55: =IF(Vi_SIM_Mobile[[#This Row],[Employee Code]]=0,"-",IFERROR(IF(INDEX('EMP Info'!$B:$B, MATCH(TEXT(Vi_SIM_Mobile[[#This Row],[Employee Code]],"00000"), 'EMP Info'!$A:$A, 0))=0,"",INDEX('EMP Info'!$B:$B, MATCH(TEXT(Vi_SIM_Mobile[[#This Row],[Employee Code]],"00000"), 'EMP Info'!$A:$A, 0))),IFERROR(VLOOKUP(TEXT(Vi_SIM_Mobile[[#This Row],[Employee Code]],"00000"), 'EMP Info'!$A:$D, 2, FALSE) & " (" & VLOOKUP(TEXT(Vi_SIM_Mobile[[#This Row],[Employee Code]],"00000"), 'EMP Info'!$A:$D,4, FALSE) & ")",""))) -> Sachin Shivasharan Chhure | E55: =IF(Vi_SIM_Mobile[[#This Row],[Employee Code]]=0,"-",IFERROR(IF(INDEX('EMP Info'!$C:$C, MATCH(TEXT(Vi_SIM_Mobile[[#This Row],[Employee Code]],"00000"), 'EMP Info'!$A:$A, 0))=0,"",INDEX('EMP Info'!$C:$C, MATCH(TEXT(Vi_SIM_Mobile[[#This Row],[Employee Code]],"00000"), 'EMP Info'!$A:$A, 0))),IFERROR(VLOOKUP(TEXT(Vi_SIM_Mobile[[#This Row],[Employee Code]],"00000"), 'EMP Info'!$A:$D, 2, FALSE) & " (" & VLOOKUP(TEXT(Vi_SIM_Mobile[[#This Row],[Employee Code]],"00000"), 'EMP Info'!$A:$D,4, FALSE) & ")",""))) -> Instrument | G55: - | H55: - | I55: Basic Keypad Phone | J55: HMD 105 4G | K55: 45757 | L55: =IFERROR(IF(Vi_SIM_Mobile[[#This Row],[Warranty Date]]<TODAY(), "Out of Warranty", IF(Vi_SIM_Mobile[[#This Row],[Warranty Date]]-TODAY()<=30, "Expiring Soon", "In Warranty")),"-") -> Out of Warranty | M55: =IFERROR(IF(Vi_SIM_Mobile[[#This Row],[Purchase Date]]="","NA",EDATE(Vi_SIM_Mobile[[#This Row],[Purchase Date]],12)),"NA") -> 46122 | N55: Chinmay Mobile Shopee | O55: 359926420198965 | P55: 359926425198960 | Q55: UA0100091100324C120127003 | R55: Nano SIM | S55: 89910275109043671651 | U55: Activated
A56: =ROW()-ROW(Vi_SIM_Mobile[[#Headers],[Sr. No.]]) -> 55 | B56: 9371109183 | C56: 565 | D56: =IF(Vi_SIM_Mobile[[#This Row],[Employee Code]]=0,"-",IFERROR(IF(INDEX('EMP Info'!$B:$B, MATCH(TEXT(Vi_SIM_Mobile[[#This Row],[Employee Code]],"00000"), 'EMP Info'!$A:$A, 0))=0,"",INDEX('EMP Info'!$B:$B, MATCH(TEXT(Vi_SIM_Mobile[[#This Row],[Employee Code]],"00000"), 'EMP Info'!$A:$A, 0))),IFERROR(VLOOKUP(TEXT(Vi_SIM_Mobile[[#This Row],[Employee Code]],"00000"), 'EMP Info'!$A:$D, 2, FALSE) & " (" & VLOOKUP(TEXT(Vi_SIM_Mobile[[#This Row],[Employee Code]],"00000"), 'EMP Info'!$A:$D,4, FALSE) & ")",""))) -> Shrivallabh Vilas Gosavi | E56: =IF(Vi_SIM_Mobile[[#This Row],[Employee Code]]=0,"-",IFERROR(IF(INDEX('EMP Info'!$C:$C, MATCH(TEXT(Vi_SIM_Mobile[[#This Row],[Employee Code]],"00000"), 'EMP Info'!$A:$A, 0))=0,"",INDEX('EMP Info'!$C:$C, MATCH(TEXT(Vi_SIM_Mobile[[#This Row],[Employee Code]],"00000"), 'EMP Info'!$A:$A, 0))),IFERROR(VLOOKUP(TEXT(Vi_SIM_Mobile[[#This Row],[Employee Code]],"00000"), 'EMP Info'!$A:$D, 2, FALSE) & " (" & VLOOKUP(TEXT(Vi_SIM_Mobile[[#This Row],[Employee Code]],"00000"), 'EMP Info'!$A:$D,4, FALSE) & ")",""))) -> Environment | G56: - | H56: - | I56: Basic Keypad Phone | J56: HMD 105 4G | K56: 45757 | L56: =IFERROR(IF(Vi_SIM_Mobile[[#This Row],[Warranty Date]]<TODAY(), "Out of Warranty", IF(Vi_SIM_Mobile[[#This Row],[Warranty Date]]-TODAY()<=30, "Expiring Soon", "In Warranty")),"-") -> Out of Warranty | M56: =IFERROR(IF(Vi_SIM_Mobile[[#This Row],[Purchase Date]]="","NA",EDATE(Vi_SIM_Mobile[[#This Row],[Purchase Date]],12)),"NA") -> 46122 | N56: Chinmay Mobile Shopee | O56: 359926420199252 | P56: 359926425199257 | R56: Nano SIM | S56: 89910276709000295326 | U56: Activated
A57: =ROW()-ROW(Vi_SIM_Mobile[[#Headers],[Sr. No.]]) -> 56 | B57: 9371109184 | C57: 30 | D57: =IF(Vi_SIM_Mobile[[#This Row],[Employee Code]]=0,"-",IFERROR(IF(INDEX('EMP Info'!$B:$B, MATCH(TEXT(Vi_SIM_Mobile[[#This Row],[Employee Code]],"00000"), 'EMP Info'!$A:$A, 0))=0,"",INDEX('EMP Info'!$B:$B, MATCH(TEXT(Vi_SIM_Mobile[[#This Row],[Employee Code]],"00000"), 'EMP Info'!$A:$A, 0))),IFERROR(VLOOKUP(TEXT(Vi_SIM_Mobile[[#This Row],[Employee Code]],"00000"), 'EMP Info'!$A:$D, 2, FALSE) & " (" & VLOOKUP(TEXT(Vi_SIM_Mobile[[#This Row],[Employee Code]],"00000"), 'EMP Info'!$A:$D,4, FALSE) & ")",""))) -> Ravindra Vitthal Kashid | E57: =IF(Vi_SIM_Mobile[[#This Row],[Employee Code]]=0,"-",IFERROR(IF(INDEX('EMP Info'!$C:$C, MATCH(TEXT(Vi_SIM_Mobile[[#This Row],[Employee Code]],"00000"), 'EMP Info'!$A:$A, 0))=0,"",INDEX('EMP Info'!$C:$C, MATCH(TEXT(Vi_SIM_Mobile[[#This Row],[Employee Code]],"00000"), 'EMP Info'!$A:$A, 0))),IFERROR(VLOOKUP(TEXT(Vi_SIM_Mobile[[#This Row],[Employee Code]],"00000"), 'EMP Info'!$A:$D, 2, FALSE) & " (" & VLOOKUP(TEXT(Vi_SIM_Mobile[[#This Row],[Employee Code]],"00000"), 'EMP Info'!$A:$D,4, FALSE) & ")",""))) -> Electrical | F57: Self | G57: - | H57: - | I57: Basic Keypad Phone | J57: HMD 105 4G | K57: 46221 | L57: =IFERROR(IF(Vi_SIM_Mobile[[#This Row],[Warranty Date]]<TODAY(), "Out of Warranty", IF(Vi_SIM_Mobile[[#This Row],[Warranty Date]]-TODAY()<=30, "Expiring Soon", "In Warranty")),"-") -> In Warranty | M57: =IFERROR(IF(Vi_SIM_Mobile[[#This Row],[Purchase Date]]="","NA",EDATE(Vi_SIM_Mobile[[#This Row],[Purchase Date]],12)),"NA") -> 46586 | N57: Amazon Online | O57: 359926421883730 | P57: 359926426883735 | Q57: FF040100090200526420AS25495 | R57: Nano SIM | S57: 89910276709000295318 | U57: Activated

Sheet JiO
A1: Sr. No. | B1: Mobile Number | C1: Employee Code | D1: Employee Name | E1: Employee Dept. | F1: Sub User / Area of Uses | G1: Old Employee Name | H1: Old Employee Dept. | I1: Mobile Type | J1: Mobile Make & Model | K1: Purchase Date | L1: In Warranty | M1: Warranty Date | N1: Purchase From | O1: IMEI_1 | P1: IMEI_2 | Q1: Battery Number | R1: Sim Type | S1: SIM ID No. | T1: SIM 2 ID No. | U1: Mobile Number Status | V1: Remark
A2: =ROW()-ROW(JiO_SIM_Mobile[[#Headers],[Sr. No.]]) -> 1 | B2: 7045745507 | C2: 18 | D2: Chandrakant Dadasaheb Kamble | E2: Project | F2: - | G2: - | H2: - | L2: =IFERROR(IF(JiO_SIM_Mobile[[#This Row],[Warranty Date]]<TODAY(), "Out of Warranty", IF(JiO_SIM_Mobile[[#This Row],[Warranty Date]]-TODAY()<=30, "Expiring Soon", "In Warranty")),"-") -> - | M2: =IFERROR(IF(JiO_SIM_Mobile[[#This Row],[Purchase Date]]="","NA",EDATE(JiO_SIM_Mobile[[#This Row],[Purchase Date]],12)),"NA") -> NA | U2: Activated
A3: =ROW()-ROW(JiO_SIM_Mobile[[#Headers],[Sr. No.]]) -> 2 | B3: 8291925584 | C3: 0 | D3: =IF(JiO_SIM_Mobile[[#This Row],[Employee Code]]=0,"-",IFERROR(IF(INDEX('EMP Info'!$B:$B, MATCH(TEXT(JiO_SIM_Mobile[[#This Row],[Employee Code]],"00000"), 'EMP Info'!$A:$A, 0))=0,"",INDEX('EMP Info'!$B:$B, MATCH(TEXT(JiO_SIM_Mobile[[#This Row],[Employee Code]],"00000"), 'EMP Info'!$A:$A, 0))),IFERROR(VLOOKUP(TEXT(JiO_SIM_Mobile[[#This Row],[Employee Code]],"00000"), 'EMP Info'!$A:$D, 2, FALSE) & " (" & VLOOKUP(TEXT(JiO_SIM_Mobile[[#This Row],[Employee Code]],"00000"), 'EMP Info'!$A:$D,4, FALSE) & ")",""))) -> - | E3: =IF(JiO_SIM_Mobile[[#This Row],[Employee Code]]=0,"-",IFERROR(IF(INDEX('EMP Info'!$C:$C, MATCH(TEXT(JiO_SIM_Mobile[[#This Row],[Employee Code]],"00000"), 'EMP Info'!$A:$A, 0))=0,"",INDEX('EMP Info'!$C:$C, MATCH(TEXT(JiO_SIM_Mobile[[#This Row],[Employee Code]],"00000"), 'EMP Info'!$A:$A, 0))),IFERROR(VLOOKUP(TEXT(JiO_SIM_Mobile[[#This Row],[Employee Code]],"00000"), 'EMP Info'!$A:$D, 2, FALSE) & " (" & VLOOKUP(TEXT(JiO_SIM_Mobile[[#This Row],[Employee Code]],"00000"), 'EMP Info'!$A:$D,4, FALSE) & ")",""))) -> - | F3: - | G3: Sharad Balaji Gaikwad | H3: Purchase | I3: Smartphone | J3: Moto G64 5G | K3: 45653 | L3: =IFERROR(IF(JiO_SIM_Mobile[[#This Row],[Warranty Date]]<TODAY(), "Out of Warranty", IF(JiO_SIM_Mobile[[#This Row],[Warranty Date]]-TODAY()<=30, "Expiring Soon", "In Warranty")),"-") -> Out of Warranty | M3: =IFERROR(IF(JiO_SIM_Mobile[[#This Row],[Purchase Date]]="","NA",EDATE(JiO_SIM_Mobile[[#This Row],[Purchase Date]],12)),"NA") -> 46018 | N3: Sapna Electronics | O3: 353542248768057 | P3: 353542248768065 | R3: Nano SIM | S3: 89918640400145241332 | U3: Activated | V3: Sr. No. ZA222PMHJX
A4: =ROW()-ROW(JiO_SIM_Mobile[[#Headers],[Sr. No.]]) -> 3 | B4: 8291925585 | C4: 0 | D4: =IF(JiO_SIM_Mobile[[#This Row],[Employee Code]]=0,"-",IFERROR(IF(INDEX('EMP Info'!$B:$B, MATCH(TEXT(JiO_SIM_Mobile[[#This Row],[Employee Code]],"00000"), 'EMP Info'!$A:$A, 0))=0,"",INDEX('EMP Info'!$B:$B, MATCH(TEXT(JiO_SIM_Mobile[[#This Row],[Employee Code]],"00000"), 'EMP Info'!$A:$A, 0))),IFERROR(VLOOKUP(TEXT(JiO_SIM_Mobile[[#This Row],[Employee Code]],"00000"), 'EMP Info'!$A:$D, 2, FALSE) & " (" & VLOOKUP(TEXT(JiO_SIM_Mobile[[#This Row],[Employee Code]],"00000"), 'EMP Info'!$A:$D,4, FALSE) & ")",""))) -> - | E4: =IF(JiO_SIM_Mobile[[#This Row],[Employee Code]]=0,"-",IFERROR(IF(INDEX('EMP Info'!$C:$C, MATCH(TEXT(JiO_SIM_Mobile[[#This Row],[Employee Code]],"00000"), 'EMP Info'!$A:$A, 0))=0,"",INDEX('EMP Info'!$C:$C, MATCH(TEXT(JiO_SIM_Mobile[[#This Row],[Employee Code]],"00000"), 'EMP Info'!$A:$A, 0))),IFERROR(VLOOKUP(TEXT(JiO_SIM_Mobile[[#This Row],[Employee Code]],"00000"), 'EMP Info'!$A:$D, 2, FALSE) & " (" & VLOOKUP(TEXT(JiO_SIM_Mobile[[#This Row],[Employee Code]],"00000"), 'EMP Info'!$A:$D,4, FALSE) & ")",""))) -> - | G4: Chandrakant Anuse | L4: =IFERROR(IF(JiO_SIM_Mobile[[#This Row],[Warranty Date]]<TODAY(), "Out of Warranty", IF(JiO_SIM_Mobile[[#This Row],[Warranty Date]]-TODAY()<=30, "Expiring Soon", "In Warranty")),"-") -> - | M4: =IFERROR(IF(JiO_SIM_Mobile[[#This Row],[Purchase Date]]="","NA",EDATE(JiO_SIM_Mobile[[#This Row],[Purchase Date]],12)),"NA") -> NA | U4: Deactivated
A5: =ROW()-ROW(JiO_SIM_Mobile[[#Headers],[Sr. No.]]) -> 4 | B5: 8378984300 | C5: 0 | D5: =IF(JiO_SIM_Mobile[[#This Row],[Employee Code]]=0,"-",IFERROR(IF(INDEX('EMP Info'!$B:$B, MATCH(TEXT(JiO_SIM_Mobile[[#This Row],[Employee Code]],"00000"), 'EMP Info'!$A:$A, 0))=0,"",INDEX('EMP Info'!$B:$B, MATCH(TEXT(JiO_SIM_Mobile[[#This Row],[Employee Code]],"00000"), 'EMP Info'!$A:$A, 0))),IFERROR(VLOOKUP(TEXT(JiO_SIM_Mobile[[#This Row],[Employee Code]],"00000"), 'EMP Info'!$A:$D, 2, FALSE) & " (" & VLOOKUP(TEXT(JiO_SIM_Mobile[[#This Row],[Employee Code]],"00000"), 'EMP Info'!$A:$D,4, FALSE) & ")",""))) -> - | E5: =IF(JiO_SIM_Mobile[[#This Row],[Employee Code]]=0,"-",IFERROR(IF(INDEX('EMP Info'!$C:$C, MATCH(TEXT(JiO_SIM_Mobile[[#This Row],[Employee Code]],"00000"), 'EMP Info'!$A:$A, 0))=0,"",INDEX('EMP Info'!$C:$C, MATCH(TEXT(JiO_SIM_Mobile[[#This Row],[Employee Code]],"00000"), 'EMP Info'!$A:$A, 0))),IFERROR(VLOOKUP(TEXT(JiO_SIM_Mobile[[#This Row],[Employee Code]],"00000"), 'EMP Info'!$A:$D, 2, FALSE) & " (" & VLOOKUP(TEXT(JiO_SIM_Mobile[[#This Row],[Employee Code]],"00000"), 'EMP Info'!$A:$D,4, FALSE) & ")",""))) -> - | G5: Vithal Thorat | H5: HR | I5: Smartphone | J5: Samsung M31 | K5: 45597 | L5: =IFERROR(IF(JiO_SIM_Mobile[[#This Row],[Warranty Date]]<TODAY(), "Out of Warranty", IF(JiO_SIM_Mobile[[#This Row],[Warranty Date]]-TODAY()<=30, "Expiring Soon", "In Warranty")),"-") -> Out of Warranty | M5: =IFERROR(IF(JiO_SIM_Mobile[[#This Row],[Purchase Date]]="","NA",EDATE(JiO_SIM_Mobile[[#This Row],[Purchase Date]],12)),"NA") -> 45962 | S5: 89918640400993716922 | U5: Activated | V5: Currently Anand Kanaka Sir have Mobile
A6: =ROW()-ROW(JiO_SIM_Mobile[[#Headers],[Sr. No.]]) -> 5 | B6: 8378984301 | C6: 0 | D6: Security Officer | E6: Security | F6: E18 Main Gate Security | G6: Shahnawaz Nadaf | H6: Maintenance | I6: Basic Keypad Phone | J6: HMD 105 4G | K6: 45965 | L6: =IFERROR(IF(JiO_SIM_Mobile[[#This Row],[Warranty Date]]<TODAY(), "Out of Warranty", IF(JiO_SIM_Mobile[[#This Row],[Warranty Date]]-TODAY()<=30, "Expiring Soon", "In Warranty")),"-") -> In Warranty | M6: =IFERROR(IF(JiO_SIM_Mobile[[#This Row],[Purchase Date]]="","NA",EDATE(JiO_SIM_Mobile[[#This Row],[Purchase Date]],12)),"NA") -> 46330 | N6: Chinmay Mobile Shopee | O6: 359926420200399 | P6: 359926425200394 | Q6: UA0100091100324C120101184 | R6: Nano SIM | S6: 89918640400145248816 | U6: Activated | V6: Currently Mob. No.: 8378984300 also placed in same mobile with Security Officer Number.
A7: =ROW()-ROW(JiO_SIM_Mobile[[#Headers],[Sr. No.]]) -> 6 | B7: 8378984303 | C7: 341 | D7: =IF(JiO_SIM_Mobile[[#This Row],[Employee Code]]=0,"-",IFERROR(IF(INDEX('EMP Info'!$B:$B, MATCH(TEXT(JiO_SIM_Mobile[[#This Row],[Employee Code]],"00000"), 'EMP Info'!$A:$A, 0))=0,"",INDEX('EMP Info'!$B:$B, MATCH(TEXT(JiO_SIM_Mobile[[#This Row],[Employee Code]],"00000"), 'EMP Info'!$A:$A, 0))),IFERROR(VLOOKUP(TEXT(JiO_SIM_Mobile[[#This Row],[Employee Code]],"00000"), 'EMP Info'!$A:$D, 2, FALSE) & " (" & VLOOKUP(TEXT(JiO_SIM_Mobile[[#This Row],[Employee Code]],"00000"), 'EMP Info'!$A:$D,4, FALSE) & ")",""))) -> Pramod Shrikrishna Bhosale | E7: =IF(JiO_SIM_Mobile[[#This Row],[Employee Code]]=0,"-",IFERROR(IF(INDEX('EMP Info'!$C:$C, MATCH(TEXT(JiO_SIM_Mobile[[#This Row],[Employee Code]],"00000"), 'EMP Info'!$A:$A, 0))=0,"",INDEX('EMP Info'!$C:$C, MATCH(TEXT(JiO_SIM_Mobile[[#This Row],[Employee Code]],"00000"), 'EMP Info'!$A:$A, 0))),IFERROR(VLOOKUP(TEXT(JiO_SIM_Mobile[[#This Row],[Employee Code]],"00000"), 'EMP Info'!$A:$D, 2, FALSE) & " (" & VLOOKUP(TEXT(JiO_SIM_Mobile[[#This Row],[Employee Code]],"00000"), 'EMP Info'!$A:$D,4, FALSE) & ")",""))) -> Technical Services | G7: Tapan Maiti | L7: =IFERROR(IF(JiO_SIM_Mobile[[#This Row],[Warranty Date]]<TODAY(), "Out of Warranty", IF(JiO_SIM_Mobile[[#This Row],[Warranty Date]]-TODAY()<=30, "Expiring Soon", "In Warranty")),"-") -> - | M7: =IFERROR(IF(JiO_SIM_Mobile[[#This Row],[Purchase Date]]="","NA",EDATE(JiO_SIM_Mobile[[#This Row],[Purchase Date]],12)),"NA") -> NA | U7: Activated
A8: =ROW()-ROW(JiO_SIM_Mobile[[#Headers],[Sr. No.]]) -> 7 | B8: 8378984310 | C8: 166 | D8: =IF(JiO_SIM_Mobile[[#This Row],[Employee Code]]=0,"-",IFERROR(IF(INDEX('EMP Info'!$B:$B, MATCH(TEXT(JiO_SIM_Mobile[[#This Row],[Employee Code]],"00000"), 'EMP Info'!$A:$A, 0))=0,"",INDEX('EMP Info'!$B:$B, MATCH(TEXT(JiO_SIM_Mobile[[#This Row],[Employee Code]],"00000"), 'EMP Info'!$A:$A, 0))),IFERROR(VLOOKUP(TEXT(JiO_SIM_Mobile[[#This Row],[Employee Code]],"00000"), 'EMP Info'!$A:$D, 2, FALSE) & " (" & VLOOKUP(TEXT(JiO_SIM_Mobile[[#This Row],[Employee Code]],"00000"), 'EMP Info'!$A:$D,4, FALSE) & ")",""))) -> Anand Shrikant Kanaka | E8: =IF(JiO_SIM_Mobile[[#This Row],[Employee Code]]=0,"-",IFERROR(IF(INDEX('EMP Info'!$C:$C, MATCH(TEXT(JiO_SIM_Mobile[[#This Row],[Employee Code]],"00000"), 'EMP Info'!$A:$A, 0))=0,"",INDEX('EMP Info'!$C:$C, MATCH(TEXT(JiO_SIM_Mobile[[#This Row],[Employee Code]],"00000"), 'EMP Info'!$A:$A, 0))),IFERROR(VLOOKUP(TEXT(JiO_SIM_Mobile[[#This Row],[Employee Code]],"00000"), 'EMP Info'!$A:$D, 2, FALSE) & " (" & VLOOKUP(TEXT(JiO_SIM_Mobile[[#This Row],[Employee Code]],"00000"), 'EMP Info'!$A:$D,4, FALSE) & ")",""))) -> HR | G8: - | L8: =IFERROR(IF(JiO_SIM_Mobile[[#This Row],[Warranty Date]]<TODAY(), "Out of Warranty", IF(JiO_SIM_Mobile[[#This Row],[Warranty Date]]-TODAY()<=30, "Expiring Soon", "In Warranty")),"-") -> - | M8: =IFERROR(IF(JiO_SIM_Mobile[[#This Row],[Purchase Date]]="","NA",EDATE(JiO_SIM_Mobile[[#This Row],[Purchase Date]],12)),"NA") -> NA | U8: Activated
A9: =ROW()-ROW(JiO_SIM_Mobile[[#Headers],[Sr. No.]]) -> 8 | B9: 8378984311 | C9: 41 | D9: =IF(JiO_SIM_Mobile[[#This Row],[Employee Code]]=0,"-",IFERROR(IF(INDEX('EMP Info'!$B:$B, MATCH(TEXT(JiO_SIM_Mobile[[#This Row],[Employee Code]],"00000"), 'EMP Info'!$A:$A, 0))=0,"",INDEX('EMP Info'!$B:$B, MATCH(TEXT(JiO_SIM_Mobile[[#This Row],[Employee Code]],"00000"), 'EMP Info'!$A:$A, 0))),IFERROR(VLOOKUP(TEXT(JiO_SIM_Mobile[[#This Row],[Employee Code]],"00000"), 'EMP Info'!$A:$D, 2, FALSE) & " (" & VLOOKUP(TEXT(JiO_SIM_Mobile[[#This Row],[Employee Code]],"00000"), 'EMP Info'!$A:$D,4, FALSE) & ")",""))) -> Arjun Guruling Wale | E9: =IF(JiO_SIM_Mobile[[#This Row],[Employee Code]]=0,"-",IFERROR(IF(INDEX('EMP Info'!$C:$C, MATCH(TEXT(JiO_SIM_Mobile[[#This Row],[Employee Code]],"00000"), 'EMP Info'!$A:$A, 0))=0,"",INDEX('EMP Info'!$C:$C, MATCH(TEXT(JiO_SIM_Mobile[[#This Row],[Employee Code]],"00000"), 'EMP Info'!$A:$A, 0))),IFERROR(VLOOKUP(TEXT(JiO_SIM_Mobile[[#This Row],[Employee Code]],"00000"), 'EMP Info'!$A:$D, 2, FALSE) & " (" & VLOOKUP(TEXT(JiO_SIM_Mobile[[#This Row],[Employee Code]],"00000"), 'EMP Info'!$A:$D,4, FALSE) & ")",""))) -> Production | F9: Self | G9: - | H9: - | I9: Smartphone | J9: Samsung Galaxy A16 5G | K9: 45687 | L9: =IFERROR(IF(JiO_SIM_Mobile[[#This Row],[Warranty Date]]<TODAY(), "Out of Warranty", IF(JiO_SIM_Mobile[[#This Row],[Warranty Date]]-TODAY()<=30, "Expiring Soon", "In Warranty")),"-") -> Out of Warranty | M9: =IFERROR(IF(JiO_SIM_Mobile[[#This Row],[Purchase Date]]="","NA",EDATE(JiO_SIM_Mobile[[#This Row],[Purchase Date]],12)),"NA") -> 46052 | N9: Sapna Electronics | O9: 355466590979468 | P9: 356953920979465 | R9: Nano SIM | U9: Activated
A10: =ROW()-ROW(JiO_SIM_Mobile[[#Headers],[Sr. No.]]) -> 9 | B10: 8390591510 | C10: 144 | D10: =IF(JiO_SIM_Mobile[[#This Row],[Employee Code]]=0,"-",IFERROR(IF(INDEX('EMP Info'!$B:$B, MATCH(TEXT(JiO_SIM_Mobile[[#This Row],[Employee Code]],"00000"), 'EMP Info'!$A:$A, 0))=0,"",INDEX('EMP Info'!$B:$B, MATCH(TEXT(JiO_SIM_Mobile[[#This Row],[Employee Code]],"00000"), 'EMP Info'!$A:$A, 0))),IFERROR(VLOOKUP(TEXT(JiO_SIM_Mobile[[#This Row],[Employee Code]],"00000"), 'EMP Info'!$A:$D, 2, FALSE) & " (" & VLOOKUP(TEXT(JiO_SIM_Mobile[[#This Row],[Employee Code]],"00000"), 'EMP Info'!$A:$D,4, FALSE) & ")",""))) -> Pravinkumar Shankar Patil | E10: =IF(JiO_SIM_Mobile[[#This Row],[Employee Code]]=0,"-",IFERROR(IF(INDEX('EMP Info'!$C:$C, MATCH(TEXT(JiO_SIM_Mobile[[#This Row],[Employee Code]],"00000"), 'EMP Info'!$A:$A, 0))=0,"",INDEX('EMP Info'!$C:$C, MATCH(TEXT(JiO_SIM_Mobile[[#This Row],[Employee Code]],"00000"), 'EMP Info'!$A:$A, 0))),IFERROR(VLOOKUP(TEXT(JiO_SIM_Mobile[[#This Row],[Employee Code]],"00000"), 'EMP Info'!$A:$D, 2, FALSE) & " (" & VLOOKUP(TEXT(JiO_SIM_Mobile[[#This Row],[Employee Code]],"00000"), 'EMP Info'!$A:$D,4, FALSE) & ")",""))) -> EHS | F10: Self | G10: - | H10: - | I10: Smartphone | J10: Vivo Y31 Pro 5G | K10: 45973 | L10: =IFERROR(IF(JiO_SIM_Mobile[[#This Row],[Warranty Date]]<TODAY(), "Out of Warranty", IF(JiO_SIM_Mobile[[#This Row],[Warranty Date]]-TODAY()<=30, "Expiring Soon", "In Warranty")),"-") -> In Warranty | M10: =IFERROR(IF(JiO_SIM_Mobile[[#This Row],[Purchase Date]]="","NA",EDATE(JiO_SIM_Mobile[[#This Row],[Purchase Date]],12)),"NA") -> 46338 | N10: Chinmay Mobile Shopee | O10: 863167087860873 | P10: 863167087860865 | Q10: 7245246692793083456 | R10: Nano SIM | U10: Activated | V10: Type C Charger No.: 344J257314121CA02
A11: =ROW()-ROW(JiO_SIM_Mobile[[#Headers],[Sr. No.]]) -> 10 | B11: 8390591693 | C11: 365 | D11: =IF(JiO_SIM_Mobile[[#This Row],[Employee Code]]=0,"-",IFERROR(IF(INDEX('EMP Info'!$B:$B, MATCH(TEXT(JiO_SIM_Mobile[[#This Row],[Employee Code]],"00000"), 'EMP Info'!$A:$A, 0))=0,"",INDEX('EMP Info'!$B:$B, MATCH(TEXT(JiO_SIM_Mobile[[#This Row],[Employee Code]],"00000"), 'EMP Info'!$A:$A, 0))),IFERROR(VLOOKUP(TEXT(JiO_SIM_Mobile[[#This Row],[Employee Code]],"00000"), 'EMP Info'!$A:$D, 2, FALSE) & " (" & VLOOKUP(TEXT(JiO_SIM_Mobile[[#This Row],[Employee Code]],"00000"), 'EMP Info'!$A:$D,4, FALSE) & ")",""))) -> Vikas Kashinath Kale | E11: =IF(JiO_SIM_Mobile[[#This Row],[Employee Code]]=0,"-",IFERROR(IF(INDEX('EMP Info'!$C:$C, MATCH(TEXT(JiO_SIM_Mobile[[#This Row],[Employee Code]],"00000"), 'EMP Info'!$A:$A, 0))=0,"",INDEX('EMP Info'!$C:$C, MATCH(TEXT(JiO_SIM_Mobile[[#This Row],[Employee Code]],"00000"), 'EMP Info'!$A:$A, 0))),IFERROR(VLOOKUP(TEXT(JiO_SIM_Mobile[[#This Row],[Employee Code]],"00000"), 'EMP Info'!$A:$D, 2, FALSE) & " (" & VLOOKUP(TEXT(JiO_SIM_Mobile[[#This Row],[Employee Code]],"00000"), 'EMP Info'!$A:$D,4, FALSE) & ")",""))) -> Environment | F11: - | G11: Parmeshwar Birajdar | H11: - | L11: =IFERROR(IF(JiO_SIM_Mobile[[#This Row],[Warranty Date]]<TODAY(), "Out of Warranty", IF(JiO_SIM_Mobile[[#This Row],[Warranty Date]]-TODAY()<=30, "Expiring Soon", "In Warranty")),"-") -> - | M11: =IFERROR(IF(JiO_SIM_Mobile[[#This Row],[Purchase Date]]="","NA",EDATE(JiO_SIM_Mobile[[#This Row],[Purchase Date]],12)),"NA") -> NA | U11: Activated
A12: =ROW()-ROW(JiO_SIM_Mobile[[#Headers],[Sr. No.]]) -> 11 | B12: 8459614176 | C12: 342 | D12: =IF(JiO_SIM_Mobile[[#This Row],[Employee Code]]=0,"-",IFERROR(IF(INDEX('EMP Info'!$B:$B, MATCH(TEXT(JiO_SIM_Mobile[[#This Row],[Employee Code]],"00000"), 'EMP Info'!$A:$A, 0))=0,"",INDEX('EMP Info'!$B:$B, MATCH(TEXT(JiO_SIM_Mobile[[#This Row],[Employee Code]],"00000"), 'EMP Info'!$A:$A, 0))),IFERROR(VLOOKUP(TEXT(JiO_SIM_Mobile[[#This Row],[Employee Code]],"00000"), 'EMP Info'!$A:$D, 2, FALSE) & " (" & VLOOKUP(TEXT(JiO_SIM_Mobile[[#This Row],[Employee Code]],"00000"), 'EMP Info'!$A:$D,4, FALSE) & ")",""))) -> Amol Prakash Chaudhari | E12: =IF(JiO_SIM_Mobile[[#This Row],[Employee Code]]=0,"-",IFERROR(IF(INDEX('EMP Info'!$C:$C, MATCH(TEXT(JiO_SIM_Mobile[[#This Row],[Employee Code]],"00000"), 'EMP Info'!$A:$A, 0))=0,"",INDEX('EMP Info'!$C:$C, MATCH(TEXT(JiO_SIM_Mobile[[#This Row],[Employee Code]],"00000"), 'EMP Info'!$A:$A, 0))),IFERROR(VLOOKUP(TEXT(JiO_SIM_Mobile[[#This Row],[Employee Code]],"00000"), 'EMP Info'!$A:$D, 2, FALSE) & " (" & VLOOKUP(TEXT(JiO_SIM_Mobile[[#This Row],[Employee Code]],"00000"), 'EMP Info'!$A:$D,4, FALSE) & ")",""))) -> Project | G12: Tapan Maiti | L12: =IFERROR(IF(JiO_SIM_Mobile[[#This Row],[Warranty Date]]<TODAY(), "Out of Warranty", IF(JiO_SIM_Mobile[[#This Row],[Warranty Date]]-TODAY()<=30, "Expiring Soon", "In Warranty")),"-") -> - | M12: =IFERROR(IF(JiO_SIM_Mobile[[#This Row],[Purchase Date]]="","NA",EDATE(JiO_SIM_Mobile[[#This Row],[Purchase Date]],12)),"NA") -> NA | U12: Activated
A13: =ROW()-ROW(JiO_SIM_Mobile[[#Headers],[Sr. No.]]) -> 12 | B13: 8459614177 | C13: 243 | D13: =IF(JiO_SIM_Mobile[[#This Row],[Employee Code]]=0,"-",IFERROR(IF(INDEX('EMP Info'!$B:$B, MATCH(TEXT(JiO_SIM_Mobile[[#This Row],[Employee Code]],"00000"), 'EMP Info'!$A:$A, 0))=0,"",INDEX('EMP Info'!$B:$B, MATCH(TEXT(JiO_SIM_Mobile[[#This Row],[Employee Code]],"00000"), 'EMP Info'!$A:$A, 0))),IFERROR(VLOOKUP(TEXT(JiO_SIM_Mobile[[#This Row],[Employee Code]],"00000"), 'EMP Info'!$A:$D, 2, FALSE) & " (" & VLOOKUP(TEXT(JiO_SIM_Mobile[[#This Row],[Employee Code]],"00000"), 'EMP Info'!$A:$D,4, FALSE) & ")",""))) -> Dattatray Ravikiran Harkud | E13: =IF(JiO_SIM_Mobile[[#This Row],[Employee Code]]=0,"-",IFERROR(IF(INDEX('EMP Info'!$C:$C, MATCH(TEXT(JiO_SIM_Mobile[[#This Row],[Employee Code]],"00000"), 'EMP Info'!$A:$A, 0))=0,"",INDEX('EMP Info'!$C:$C, MATCH(TEXT(JiO_SIM_Mobile[[#This Row],[Employee Code]],"00000"), 'EMP Info'!$A:$A, 0))),IFERROR(VLOOKUP(TEXT(JiO_SIM_Mobile[[#This Row],[Employee Code]],"00000"), 'EMP Info'!$A:$D, 2, FALSE) & " (" & VLOOKUP(TEXT(JiO_SIM_Mobile[[#This Row],[Employee Code]],"00000"), 'EMP Info'!$A:$D,4, FALSE) & ")",""))) -> SCM | G13: Izhar Ahmad | L13: =IFERROR(IF(JiO_SIM_Mobile[[#This Row],[Warranty Date]]<TODAY(), "Out of Warranty", IF(JiO_SIM_Mobile[[#This Row],[Warranty Date]]-TODAY()<=30, "Expiring Soon", "In Warranty")),"-") -> - | M13: =IFERROR(IF(JiO_SIM_Mobile[[#This Row],[Purchase Date]]="","NA",EDATE(JiO_SIM_Mobile[[#This Row],[Purchase Date]],12)),"NA") -> NA | U13: Activated
A14: =ROW()-ROW(JiO_SIM_Mobile[[#Headers],[Sr. No.]]) -> 13 | B14: 8459614178 | C14: 350 | D14: =IF(JiO_SIM_Mobile[[#This Row],[Employee Code]]=0,"-",IFERROR(IF(INDEX('EMP Info'!$B:$B, MATCH(TEXT(JiO_SIM_Mobile[[#This Row],[Employee Code]],"00000"), 'EMP Info'!$A:$A, 0))=0,"",INDEX('EMP Info'!$B:$B, MATCH(TEXT(JiO_SIM_Mobile[[#This Row],[Employee Code]],"00000"), 'EMP Info'!$A:$A, 0))),IFERROR(VLOOKUP(TEXT(JiO_SIM_Mobile[[#This Row],[Employee Code]],"00000"), 'EMP Info'!$A:$D, 2, FALSE) & " (" & VLOOKUP(TEXT(JiO_SIM_Mobile[[#This Row],[Employee Code]],"00000"), 'EMP Info'!$A:$D,4, FALSE) & ")",""))) -> Kausar Abdul Rajjak Sayyad | E14: =IF(JiO_SIM_Mobile[[#This Row],[Employee Code]]=0,"-",IFERROR(IF(INDEX('EMP Info'!$C:$C, MATCH(TEXT(JiO_SIM_Mobile[[#This Row],[Employee Code]],"00000"), 'EMP Info'!$A:$A, 0))=0,"",INDEX('EMP Info'!$C:$C, MATCH(TEXT(JiO_SIM_Mobile[[#This Row],[Employee Code]],"00000"), 'EMP Info'!$A:$A, 0))),IFERROR(VLOOKUP(TEXT(JiO_SIM_Mobile[[#This Row],[Employee Code]],"00000"), 'EMP Info'!$A:$D, 2, FALSE) & " (" & VLOOKUP(TEXT(JiO_SIM_Mobile[[#This Row],[Employee Code]],"00000"), 'EMP Info'!$A:$D,4, FALSE) & ")",""))) -> QC & QA | G14: Pravin Deshmukh | L14: =IFERROR(IF(JiO_SIM_Mobile[[#This Row],[Warranty Date]]<TODAY(), "Out of Warranty", IF(JiO_SIM_Mobile[[#This Row],[Warranty Date]]-TODAY()<=30, "Expiring Soon", "In Warranty")),"-") -> - | M14: =IFERROR(IF(JiO_SIM_Mobile[[#This Row],[Purchase Date]]="","NA",EDATE(JiO_SIM_Mobile[[#This Row],[Purchase Date]],12)),"NA") -> NA | U14: Activated
A15: =ROW()-ROW(JiO_SIM_Mobile[[#Headers],[Sr. No.]]) -> 14 | B15: 8459614179 | C15: 245 | D15: =IF(JiO_SIM_Mobile[[#This Row],[Employee Code]]=0,"-",IFERROR(IF(INDEX('EMP Info'!$B:$B, MATCH(TEXT(JiO_SIM_Mobile[[#This Row],[Employee Code]],"00000"), 'EMP Info'!$A:$A, 0))=0,"",INDEX('EMP Info'!$B:$B, MATCH(TEXT(JiO_SIM_Mobile[[#This Row],[Employee Code]],"00000"), 'EMP Info'!$A:$A, 0))),IFERROR(VLOOKUP(TEXT(JiO_SIM_Mobile[[#This Row],[Employee Code]],"00000"), 'EMP Info'!$A:$D, 2, FALSE) & " (" & VLOOKUP(TEXT(JiO_SIM_Mobile[[#This Row],[Employee Code]],"00000"), 'EMP Info'!$A:$D,4, FALSE) & ")",""))) -> Balbhim Dadarao Kale | E15: =IF(JiO_SIM_Mobile[[#This Row],[Employee Code]]=0,"-",IFERROR(IF(INDEX('EMP Info'!$C:$C, MATCH(TEXT(JiO_SIM_Mobile[[#This Row],[Employee Code]],"00000"), 'EMP Info'!$A:$A, 0))=0,"",INDEX('EMP Info'!$C:$C, MATCH(TEXT(JiO_SIM_Mobile[[#This Row],[Employee Code]],"00000"), 'EMP Info'!$A:$A, 0))),IFERROR(VLOOKUP(TEXT(JiO_SIM_Mobile[[#This Row],[Employee Code]],"00000"), 'EMP Info'!$A:$D, 2, FALSE) & " (" & VLOOKUP(TEXT(JiO_SIM_Mobile[[#This Row],[Employee Code]],"00000"), 'EMP Info'!$A:$D,4, FALSE) & ")",""))) -> Maintenance | F15: Self | G15: Tapan Maiti | I15: Basic Keypad Phone | J15: HMD 105 4G | K15: 46252 | L15: =IFERROR(IF(JiO_SIM_Mobile[[#This Row],[Warranty Date]]<TODAY(), "Out of Warranty", IF(JiO_SIM_Mobile[[#This Row],[Warranty Date]]-TODAY()<=30, "Expiring Soon", "In Warranty")),"-") -> In Warranty | M15: =IFERROR(IF(JiO_SIM_Mobile[[#This Row],[Purchase Date]]="","NA",EDATE(JiO_SIM_Mobile[[#This Row],[Purchase Date]],12)),"NA") -> 46617 | N15: Chinmay Mobile Shopee | O15: 359926421915409 | P15: 359926426915404 | Q15: FF040100090200526420AS01092 | R15: Nano SIM | U15: Activated | V15: Replace with Old (13-03-2025) mobile | X15: 45729
A16: =ROW()-ROW(JiO_SIM_Mobile[[#Headers],[Sr. No.]]) -> 15 | B16: 8459614180 | C16: 276 | D16: =IF(JiO_SIM_Mobile[[#This Row],[Employee Code]]=0,"-",IFERROR(IF(INDEX('EMP Info'!$B:$B, MATCH(TEXT(JiO_SIM_Mobile[[#This Row],[Employee Code]],"00000"), 'EMP Info'!$A:$A, 0))=0,"",INDEX('EMP Info'!$B:$B, MATCH(TEXT(JiO_SIM_Mobile[[#This Row],[Employee Code]],"00000"), 'EMP Info'!$A:$A, 0))),IFERROR(VLOOKUP(TEXT(JiO_SIM_Mobile[[#This Row],[Employee Code]],"00000"), 'EMP Info'!$A:$D, 2, FALSE) & " (" & VLOOKUP(TEXT(JiO_SIM_Mobile[[#This Row],[Employee Code]],"00000"), 'EMP Info'!$A:$D,4, FALSE) & ")",""))) -> Balasaheb Sitaram Shendage | E16: =IF(JiO_SIM_Mobile[[#This Row],[Employee Code]]=0,"-",IFERROR(IF(INDEX('EMP Info'!$C:$C, MATCH(TEXT(JiO_SIM_Mobile[[#This Row],[Employee Code]],"00000"), 'EMP Info'!$A:$A, 0))=0,"",INDEX('EMP Info'!$C:$C, MATCH(TEXT(JiO_SIM_Mobile[[#This Row],[Employee Code]],"00000"), 'EMP Info'!$A:$A, 0))),IFERROR(VLOOKUP(TEXT(JiO_SIM_Mobile[[#This Row],[Employee Code]],"00000"), 'EMP Info'!$A:$D, 2, FALSE) & " (" & VLOOKUP(TEXT(JiO_SIM_Mobile[[#This Row],[Employee Code]],"00000"), 'EMP Info'!$A:$D,4, FALSE) & ")",""))) -> Store | G16: Suraj Shinde | I16: Smartphone | J16: Samsung F15 5G | K16: 45653 | L16: =IFERROR(IF(JiO_SIM_Mobile[[#This Row],[Warranty Date]]<TODAY(), "Out of Warranty", IF(JiO_SIM_Mobile[[#This Row],[Warranty Date]]-TODAY()<=30, "Expiring Soon", "In Warranty")),"-") -> Out of Warranty | M16: =IFERROR(IF(JiO_SIM_Mobile[[#This Row],[Purchase Date]]="","NA",EDATE(JiO_SIM_Mobile[[#This Row],[Purchase Date]],12)),"NA") -> 46018 | N16: Sapna Electronics | O16: 356494477641703 | R16: Nano SIM | U16: Activated
A17: =ROW()-ROW(JiO_SIM_Mobile[[#Headers],[Sr. No.]]) -> 16 | B17: 8459614181 | C17: 0 | D17: Dhiraj Mane | E17: HR | F17: - | G17: - | H17: - | I17: Basic Keypad Phone | J17: HMD 105 4G | K17: 45965 | L17: =IFERROR(IF(JiO_SIM_Mobile[[#This Row],[Warranty Date]]<TODAY(), "Out of Warranty", IF(JiO_SIM_Mobile[[#This Row],[Warranty Date]]-TODAY()<=30, "Expiring Soon", "In Warranty")),"-") -> In Warranty | M17: =IFERROR(IF(JiO_SIM_Mobile[[#This Row],[Purchase Date]]="","NA",EDATE(JiO_SIM_Mobile[[#This Row],[Purchase Date]],12)),"NA") -> 46330 | N17: Chinmay Mobile Shopee | O17: 359926421086623 | R17: Nano SIM | U17: Activated
A18: =ROW()-ROW(JiO_SIM_Mobile[[#Headers],[Sr. No.]]) -> 17 | B18: 8459614183 | C18: 609 | D18: =IF(JiO_SIM_Mobile[[#This Row],[Employee Code]]=0,"-",IFERROR(IF(INDEX('EMP Info'!$B:$B, MATCH(TEXT(JiO_SIM_Mobile[[#This Row],[Employee Code]],"00000"), 'EMP Info'!$A:$A, 0))=0,"",INDEX('EMP Info'!$B:$B, MATCH(TEXT(JiO_SIM_Mobile[[#This Row],[Employee Code]],"00000"), 'EMP Info'!$A:$A, 0))),IFERROR(VLOOKUP(TEXT(JiO_SIM_Mobile[[#This Row],[Employee Code]],"00000"), 'EMP Info'!$A:$D, 2, FALSE) & " (" & VLOOKUP(TEXT(JiO_SIM_Mobile[[#This Row],[Employee Code]],"00000"), 'EMP Info'!$A:$D,4, FALSE) & ")",""))) -> Jairaj Meghraj Bhogade | E18: =IF(JiO_SIM_Mobile[[#This Row],[Employee Code]]=0,"-",IFERROR(IF(INDEX('EMP Info'!$C:$C, MATCH(TEXT(JiO_SIM_Mobile[[#This Row],[Employee Code]],"00000"), 'EMP Info'!$A:$A, 0))=0,"",INDEX('EMP Info'!$C:$C, MATCH(TEXT(JiO_SIM_Mobile[[#This Row],[Employee Code]],"00000"), 'EMP Info'!$A:$A, 0))),IFERROR(VLOOKUP(TEXT(JiO_SIM_Mobile[[#This Row],[Employee Code]],"00000"), 'EMP Info'!$A:$D, 2, FALSE) & " (" & VLOOKUP(TEXT(JiO_SIM_Mobile[[#This Row],[Employee Code]],"00000"), 'EMP Info'!$A:$D,4, FALSE) & ")",""))) -> IT | G18: Shrikant Lavate | H18: IT | L18: =IFERROR(IF(JiO_SIM_Mobile[[#This Row],[Warranty Date]]<TODAY(), "Out of Warranty", IF(JiO_SIM_Mobile[[#This Row],[Warranty Date]]-TODAY()<=30, "Expiring Soon", "In Warranty")),"-") -> - | M18: =IFERROR(IF(JiO_SIM_Mobile[[#This Row],[Purchase Date]]="","NA",EDATE(JiO_SIM_Mobile[[#This Row],[Purchase Date]],12)),"NA") -> NA | R18: Nano SIM | U18: Activated | V18: Use of Personal Mobile Permission Received
A19: =ROW()-ROW(JiO_SIM_Mobile[[#Headers],[Sr. No.]]) -> 18 | B19: 9011074065 | C19: 87 | D19: =IF(JiO_SIM_Mobile[[#This Row],[Employee Code]]=0,"-",IFERROR(IF(INDEX('EMP Info'!$B:$B, MATCH(TEXT(JiO_SIM_Mobile[[#This Row],[Employee Code]],"00000"), 'EMP Info'!$A:$A, 0))=0,"",INDEX('EMP Info'!$B:$B, MATCH(TEXT(JiO_SIM_Mobile[[#This Row],[Employee Code]],"00000"), 'EMP Info'!$A:$A, 0))),IFERROR(VLOOKUP(TEXT(JiO_SIM_Mobile[[#This Row],[Employee Code]],"00000"), 'EMP Info'!$A:$D, 2, FALSE) & " (" & VLOOKUP(TEXT(JiO_SIM_Mobile[[#This Row],[Employee Code]],"00000"), 'EMP Info'!$A:$D,4, FALSE) & ")",""))) -> Satish Girmal Padasalgi | E19: =IF(JiO_SIM_Mobile[[#This Row],[Employee Code]]=0,"-",IFERROR(IF(INDEX('EMP Info'!$C:$C, MATCH(TEXT(JiO_SIM_Mobile[[#This Row],[Employee Code]],"00000"), 'EMP Info'!$A:$A, 0))=0,"",INDEX('EMP Info'!$C:$C, MATCH(TEXT(JiO_SIM_Mobile[[#This Row],[Employee Code]],"00000"), 'EMP Info'!$A:$A, 0))),IFERROR(VLOOKUP(TEXT(JiO_SIM_Mobile[[#This Row],[Employee Code]],"00000"), 'EMP Info'!$A:$D, 2, FALSE) & " (" & VLOOKUP(TEXT(JiO_SIM_Mobile[[#This Row],[Employee Code]],"00000"), 'EMP Info'!$A:$D,4, FALSE) & ")",""))) -> Admin | L19: =IFERROR(IF(JiO_SIM_Mobile[[#This Row],[Warranty Date]]<TODAY(), "Out of Warranty", IF(JiO_SIM_Mobile[[#This Row],[Warranty Date]]-TODAY()<=30, "Expiring Soon", "In Warranty")),"-") -> - | M19: =IFERROR(IF(JiO_SIM_Mobile[[#This Row],[Purchase Date]]="","NA",EDATE(JiO_SIM_Mobile[[#This Row],[Purchase Date]],12)),"NA") -> NA | U19: Activated
A20: =ROW()-ROW(JiO_SIM_Mobile[[#Headers],[Sr. No.]]) -> 19 | B20: 9022930354 | C20: 721 | D20: =IF(JiO_SIM_Mobile[[#This Row],[Employee Code]]=0,"-",IFERROR(IF(INDEX('EMP Info'!$B:$B, MATCH(TEXT(JiO_SIM_Mobile[[#This Row],[Employee Code]],"00000"), 'EMP Info'!$A:$A, 0))=0,"",INDEX('EMP Info'!$B:$B, MATCH(TEXT(JiO_SIM_Mobile[[#This Row],[Employee Code]],"00000"), 'EMP Info'!$A:$A, 0))),IFERROR(VLOOKUP(TEXT(JiO_SIM_Mobile[[#This Row],[Employee Code]],"00000"), 'EMP Info'!$A:$D, 2, FALSE) & " (" & VLOOKUP(TEXT(JiO_SIM_Mobile[[#This Row],[Employee Code]],"00000"), 'EMP Info'!$A:$D,4, FALSE) & ")",""))) -> Sunil Sanjay Chanmal | E20: Maintenance | F20: Shift Fitter E Block | G20: Balasaheb Thorat | I20: Basic Keypad Phone | J20: HMD 105 4G | K20: 45525 | L20: =IFERROR(IF(JiO_SIM_Mobile[[#This Row],[Warranty Date]]<TODAY(), "Out of Warranty", IF(JiO_SIM_Mobile[[#This Row],[Warranty Date]]-TODAY()<=30, "Expiring Soon", "In Warranty")),"-") -> Out of Warranty | M20: =IFERROR(IF(JiO_SIM_Mobile[[#This Row],[Purchase Date]]="","NA",EDATE(JiO_SIM_Mobile[[#This Row],[Purchase Date]],12)),"NA") -> 45890 | O20: 359926420828884 | P20: 359926425828889 | Q20: UA01000911003261180118245 | R20: Nano SIM | U20: Activated
A21: =ROW()-ROW(JiO_SIM_Mobile[[#Headers],[Sr. No.]]) -> 20 | B21: 9022930355 | C21: 262 | D21: =IF(JiO_SIM_Mobile[[#This Row],[Employee Code]]=0,"-",IFERROR(IF(INDEX('EMP Info'!$B:$B, MATCH(TEXT(JiO_SIM_Mobile[[#This Row],[Employee Code]],"00000"), 'EMP Info'!$A:$A, 0))=0,"",INDEX('EMP Info'!$B:$B, MATCH(TEXT(JiO_SIM_Mobile[[#This Row],[Employee Code]],"00000"), 'EMP Info'!$A:$A, 0))),IFERROR(VLOOKUP(TEXT(JiO_SIM_Mobile[[#This Row],[Employee Code]],"00000"), 'EMP Info'!$A:$D, 2, FALSE) & " (" & VLOOKUP(TEXT(JiO_SIM_Mobile[[#This Row],[Employee Code]],"00000"), 'EMP Info'!$A:$D,4, FALSE) & ")",""))) -> Khairul Basar Mollah | E21: =IF(JiO_SIM_Mobile[[#This Row],[Employee Code]]=0,"-",IFERROR(IF(INDEX('EMP Info'!$C:$C, MATCH(TEXT(JiO_SIM_Mobile[[#This Row],[Employee Code]],"00000"), 'EMP Info'!$A:$A, 0))=0,"",INDEX('EMP Info'!$C:$C, MATCH(TEXT(JiO_SIM_Mobile[[#This Row],[Employee Code]],"00000"), 'EMP Info'!$A:$A, 0))),IFERROR(VLOOKUP(TEXT(JiO_SIM_Mobile[[#This Row],[Employee Code]],"00000"), 'EMP Info'!$A:$D, 2, FALSE) & " (" & VLOOKUP(TEXT(JiO_SIM_Mobile[[#This Row],[Employee Code]],"00000"), 'EMP Info'!$A:$D,4, FALSE) & ")",""))) -> Electrical | G21: Sanjit Manna | H21: Sanjit Manna | L21: =IFERROR(IF(JiO_SIM_Mobile[[#This Row],[Warranty Date]]<TODAY(), "Out of Warranty", IF(JiO_SIM_Mobile[[#This Row],[Warranty Date]]-TODAY()<=30, "Expiring Soon", "In Warranty")),"-") -> - | M21: =IFERROR(IF(JiO_SIM_Mobile[[#This Row],[Purchase Date]]="","NA",EDATE(JiO_SIM_Mobile[[#This Row],[Purchase Date]],12)),"NA") -> NA | U21: Activated
A22: =ROW()-ROW(JiO_SIM_Mobile[[#Headers],[Sr. No.]]) -> 21 | B22: 9022930356 | C22: 239 | D22: =IF(JiO_SIM_Mobile[[#This Row],[Employee Code]]=0,"-",IFERROR(IF(INDEX('EMP Info'!$B:$B, MATCH(TEXT(JiO_SIM_Mobile[[#This Row],[Employee Code]],"00000"), 'EMP Info'!$A:$A, 0))=0,"",INDEX('EMP Info'!$B:$B, MATCH(TEXT(JiO_SIM_Mobile[[#This Row],[Employee Code]],"00000"), 'EMP Info'!$A:$A, 0))),IFERROR(VLOOKUP(TEXT(JiO_SIM_Mobile[[#This Row],[Employee Code]],"00000"), 'EMP Info'!$A:$D, 2, FALSE) & " (" & VLOOKUP(TEXT(JiO_SIM_Mobile[[#This Row],[Employee Code]],"00000"), 'EMP Info'!$A:$D,4, FALSE) & ")",""))) -> Prashant Rajkumar Ghogare | E22: =IF(JiO_SIM_Mobile[[#This Row],[Employee Code]]=0,"-",IFERROR(IF(INDEX('EMP Info'!$C:$C, MATCH(TEXT(JiO_SIM_Mobile[[#This Row],[Employee Code]],"00000"), 'EMP Info'!$A:$A, 0))=0,"",INDEX('EMP Info'!$C:$C, MATCH(TEXT(JiO_SIM_Mobile[[#This Row],[Employee Code]],"00000"), 'EMP Info'!$A:$A, 0))),IFERROR(VLOOKUP(TEXT(JiO_SIM_Mobile[[#This Row],[Employee Code]],"00000"), 'EMP Info'!$A:$D, 2, FALSE) & " (" & VLOOKUP(TEXT(JiO_SIM_Mobile[[#This Row],[Employee Code]],"00000"), 'EMP Info'!$A:$D,4, FALSE) & ")",""))) -> Technical Services | G22: Anand Kanaka | L22: =IFERROR(IF(JiO_SIM_Mobile[[#This Row],[Warranty Date]]<TODAY(), "Out of Warranty", IF(JiO_SIM_Mobile[[#This Row],[Warranty Date]]-TODAY()<=30, "Expiring Soon", "In Warranty")),"-") -> - | M22: =IFERROR(IF(JiO_SIM_Mobile[[#This Row],[Purchase Date]]="","NA",EDATE(JiO_SIM_Mobile[[#This Row],[Purchase Date]],12)),"NA") -> NA | U22: Activated
A23: =ROW()-ROW(JiO_SIM_Mobile[[#Headers],[Sr. No.]]) -> 22 | B23: 9158890891 | C23: 738 | D23: =IF(JiO_SIM_Mobile[[#This Row],[Employee Code]]=0,"-",IFERROR(IF(INDEX('EMP Info'!$B:$B, MATCH(TEXT(JiO_SIM_Mobile[[#This Row],[Employee Code]],"00000"), 'EMP Info'!$A:$A, 0))=0,"",INDEX('EMP Info'!$B:$B, MATCH(TEXT(JiO_SIM_Mobile[[#This Row],[Employee Code]],"00000"), 'EMP Info'!$A:$A, 0))),IFERROR(VLOOKUP(TEXT(JiO_SIM_Mobile[[#This Row],[Employee Code]],"00000"), 'EMP Info'!$A:$D, 2, FALSE) & " (" & VLOOKUP(TEXT(JiO_SIM_Mobile[[#This Row],[Employee Code]],"00000"), 'EMP Info'!$A:$D,4, FALSE) & ")",""))) -> Manoj Hanmant Bagal | E23: =IF(JiO_SIM_Mobile[[#This Row],[Employee Code]]=0,"-",IFERROR(IF(INDEX('EMP Info'!$C:$C, MATCH(TEXT(JiO_SIM_Mobile[[#This Row],[Employee Code]],"00000"), 'EMP Info'!$A:$A, 0))=0,"",INDEX('EMP Info'!$C:$C, MATCH(TEXT(JiO_SIM_Mobile[[#This Row],[Employee Code]],"00000"), 'EMP Info'!$A:$A, 0))),IFERROR(VLOOKUP(TEXT(JiO_SIM_Mobile[[#This Row],[Employee Code]],"00000"), 'EMP Info'!$A:$D, 2, FALSE) & " (" & VLOOKUP(TEXT(JiO_SIM_Mobile[[#This Row],[Employee Code]],"00000"), 'EMP Info'!$A:$D,4, FALSE) & ")",""))) -> Operation | G23: Kannan Ramanathan | H23: Operation | I23: Smartphone | J23: Samsung | K23: 45511 | L23: =IFERROR(IF(JiO_SIM_Mobile[[#This Row],[Warranty Date]]<TODAY(), "Out of Warranty", IF(JiO_SIM_Mobile[[#This Row],[Warranty Date]]-TODAY()<=30, "Expiring Soon", "In Warranty")),"-") -> Out of Warranty | M23: =IFERROR(IF(JiO_SIM_Mobile[[#This Row],[Purchase Date]]="","NA",EDATE(JiO_SIM_Mobile[[#This Row],[Purchase Date]],12)),"NA") -> 45876 | O23: 354027550322825 / 01 | P23: 354083410322828 / 01 | R23: Nano SIM | U23: Activated | V23: SN: R9ZX40HYL6F
A24: =ROW()-ROW(JiO_SIM_Mobile[[#Headers],[Sr. No.]]) -> 23 | B24: 9158900905 | C24: 504 | D24: =IF(JiO_SIM_Mobile[[#This Row],[Employee Code]]=0,"-",IFERROR(IF(INDEX('EMP Info'!$B:$B, MATCH(TEXT(JiO_SIM_Mobile[[#This Row],[Employee Code]],"00000"), 'EMP Info'!$A:$A, 0))=0,"",INDEX('EMP Info'!$B:$B, MATCH(TEXT(JiO_SIM_Mobile[[#This Row],[Employee Code]],"00000"), 'EMP Info'!$A:$A, 0))),IFERROR(VLOOKUP(TEXT(JiO_SIM_Mobile[[#This Row],[Employee Code]],"00000"), 'EMP Info'!$A:$D, 2, FALSE) & " (" & VLOOKUP(TEXT(JiO_SIM_Mobile[[#This Row],[Employee Code]],"00000"), 'EMP Info'!$A:$D,4, FALSE) & ")",""))) -> Raju Natu Rathod | E24: =IF(JiO_SIM_Mobile[[#This Row],[Employee Code]]=0,"-",IFERROR(IF(INDEX('EMP Info'!$C:$C, MATCH(TEXT(JiO_SIM_Mobile[[#This Row],[Employee Code]],"00000"), 'EMP Info'!$A:$A, 0))=0,"",INDEX('EMP Info'!$C:$C, MATCH(TEXT(JiO_SIM_Mobile[[#This Row],[Employee Code]],"00000"), 'EMP Info'!$A:$A, 0))),IFERROR(VLOOKUP(TEXT(JiO_SIM_Mobile[[#This Row],[Employee Code]],"00000"), 'EMP Info'!$A:$D, 2, FALSE) & " (" & VLOOKUP(TEXT(JiO_SIM_Mobile[[#This Row],[Employee Code]],"00000"), 'EMP Info'!$A:$D,4, FALSE) & ")",""))) -> HR | G24: Sandip Tandure | L24: =IFERROR(IF(JiO_SIM_Mobile[[#This Row],[Warranty Date]]<TODAY(), "Out of Warranty", IF(JiO_SIM_Mobile[[#This Row],[Warranty Date]]-TODAY()<=30, "Expiring Soon", "In Warranty")),"-") -> - | M24: =IFERROR(IF(JiO_SIM_Mobile[[#This Row],[Purchase Date]]="","NA",EDATE(JiO_SIM_Mobile[[#This Row],[Purchase Date]],12)),"NA") -> NA | U24: Activated | V24: Use of Personal Mobile Permission Received
A25: =ROW()-ROW(JiO_SIM_Mobile[[#Headers],[Sr. No.]]) -> 24 | B25: 9325981587 | C25: 501 | D25: =IF(JiO_SIM_Mobile[[#This Row],[Employee Code]]=0,"-",IFERROR(IF(INDEX('EMP Info'!$B:$B, MATCH(TEXT(JiO_SIM_Mobile[[#This Row],[Employee Code]],"00000"), 'EMP Info'!$A:$A, 0))=0,"",INDEX('EMP Info'!$B:$B, MATCH(TEXT(JiO_SIM_Mobile[[#This Row],[Employee Code]],"00000"), 'EMP Info'!$A:$A, 0))),IFERROR(VLOOKUP(TEXT(JiO_SIM_Mobile[[#This Row],[Employee Code]],"00000"), 'EMP Info'!$A:$D, 2, FALSE) & " (" & VLOOKUP(TEXT(JiO_SIM_Mobile[[#This Row],[Employee Code]],"00000"), 'EMP Info'!$A:$D,4, FALSE) & ")",""))) -> Bhagavan Vishnu Bhange | E25: =IF(JiO_SIM_Mobile[[#This Row],[Employee Code]]=0,"-",IFERROR(IF(INDEX('EMP Info'!$C:$C, MATCH(TEXT(JiO_SIM_Mobile[[#This Row],[Employee Code]],"00000"), 'EMP Info'!$A:$A, 0))=0,"",INDEX('EMP Info'!$C:$C, MATCH(TEXT(JiO_SIM_Mobile[[#This Row],[Employee Code]],"00000"), 'EMP Info'!$A:$A, 0))),IFERROR(VLOOKUP(TEXT(JiO_SIM_Mobile[[#This Row],[Employee Code]],"00000"), 'EMP Info'!$A:$D, 2, FALSE) & " (" & VLOOKUP(TEXT(JiO_SIM_Mobile[[#This Row],[Employee Code]],"00000"), 'EMP Info'!$A:$D,4, FALSE) & ")",""))) -> EHS | G25: Mahindra Patel | L25: =IFERROR(IF(JiO_SIM_Mobile[[#This Row],[Warranty Date]]<TODAY(), "Out of Warranty", IF(JiO_SIM_Mobile[[#This Row],[Warranty Date]]-TODAY()<=30, "Expiring Soon", "In Warranty")),"-") -> - | M25: =IFERROR(IF(JiO_SIM_Mobile[[#This Row],[Purchase Date]]="","NA",EDATE(JiO_SIM_Mobile[[#This Row],[Purchase Date]],12)),"NA") -> NA | U25: Activated
A26: =ROW()-ROW(JiO_SIM_Mobile[[#Headers],[Sr. No.]]) -> 25 | B26: 9325981590 | C26: 0 | D26: Harday Shah | E26: HO | L26: =IFERROR(IF(JiO_SIM_Mobile[[#This Row],[Warranty Date]]<TODAY(), "Out of Warranty", IF(JiO_SIM_Mobile[[#This Row],[Warranty Date]]-TODAY()<=30, "Expiring Soon", "In Warranty")),"-") -> - | M26: =IFERROR(IF(JiO_SIM_Mobile[[#This Row],[Purchase Date]]="","NA",EDATE(JiO_SIM_Mobile[[#This Row],[Purchase Date]],12)),"NA") -> NA | U26: Activated
A27: =ROW()-ROW(JiO_SIM_Mobile[[#Headers],[Sr. No.]]) -> 26 | B27: 9923602889 | C27: 0 | D27: =IF(JiO_SIM_Mobile[[#This Row],[Employee Code]]=0,"-",IFERROR(IF(INDEX('EMP Info'!$B:$B, MATCH(TEXT(JiO_SIM_Mobile[[#This Row],[Employee Code]],"00000"), 'EMP Info'!$A:$A, 0))=0,"",INDEX('EMP Info'!$B:$B, MATCH(TEXT(JiO_SIM_Mobile[[#This Row],[Employee Code]],"00000"), 'EMP Info'!$A:$A, 0))),IFERROR(VLOOKUP(TEXT(JiO_SIM_Mobile[[#This Row],[Employee Code]],"00000"), 'EMP Info'!$A:$D, 2, FALSE) & " (" & VLOOKUP(TEXT(JiO_SIM_Mobile[[#This Row],[Employee Code]],"00000"), 'EMP Info'!$A:$D,4, FALSE) & ")",""))) -> - | E27: Production | F27: E block | G27: Rajendra Ghodke | I27: Basic Keypad Phone | J27: Jio Bharat Basic phone | K27: 45538 | L27: =IFERROR(IF(JiO_SIM_Mobile[[#This Row],[Warranty Date]]<TODAY(), "Out of Warranty", IF(JiO_SIM_Mobile[[#This Row],[Warranty Date]]-TODAY()<=30, "Expiring Soon", "In Warranty")),"-") -> Out of Warranty | M27: =IFERROR(IF(JiO_SIM_Mobile[[#This Row],[Purchase Date]]="","NA",EDATE(JiO_SIM_Mobile[[#This Row],[Purchase Date]],12)),"NA") -> 45903 | U27: Activated
A28: =ROW()-ROW(JiO_SIM_Mobile[[#Headers],[Sr. No.]]) -> 27 | B28: 9923602890 | C28: 71 | D28: =IF(JiO_SIM_Mobile[[#This Row],[Employee Code]]=0,"-",IFERROR(IF(INDEX('EMP Info'!$B:$B, MATCH(TEXT(JiO_SIM_Mobile[[#This Row],[Employee Code]],"00000"), 'EMP Info'!$A:$A, 0))=0,"",INDEX('EMP Info'!$B:$B, MATCH(TEXT(JiO_SIM_Mobile[[#This Row],[Employee Code]],"00000"), 'EMP Info'!$A:$A, 0))),IFERROR(VLOOKUP(TEXT(JiO_SIM_Mobile[[#This Row],[Employee Code]],"00000"), 'EMP Info'!$A:$D, 2, FALSE) & " (" & VLOOKUP(TEXT(JiO_SIM_Mobile[[#This Row],[Employee Code]],"00000"), 'EMP Info'!$A:$D,4, FALSE) & ")",""))) -> Vinod Umashankar Nimbalkar | E28: =IF(JiO_SIM_Mobile[[#This Row],[Employee Code]]=0,"-",IFERROR(IF(INDEX('EMP Info'!$C:$C, MATCH(TEXT(JiO_SIM_Mobile[[#This Row],[Employee Code]],"00000"), 'EMP Info'!$A:$A, 0))=0,"",INDEX('EMP Info'!$C:$C, MATCH(TEXT(JiO_SIM_Mobile[[#This Row],[Employee Code]],"00000"), 'EMP Info'!$A:$A, 0))),IFERROR(VLOOKUP(TEXT(JiO_SIM_Mobile[[#This Row],[Employee Code]],"00000"), 'EMP Info'!$A:$D, 2, FALSE) & " (" & VLOOKUP(TEXT(JiO_SIM_Mobile[[#This Row],[Employee Code]],"00000"), 'EMP Info'!$A:$D,4, FALSE) & ")",""))) -> Quality Control | I28: Smartphone | J28: Apple iPhone 14 | K28: 45429 | L28: =IFERROR(IF(JiO_SIM_Mobile[[#This Row],[Warranty Date]]<TODAY(), "Out of Warranty", IF(JiO_SIM_Mobile[[#This Row],[Warranty Date]]-TODAY()<=30, "Expiring Soon", "In Warranty")),"-") -> Out of Warranty | M28: =IFERROR(IF(JiO_SIM_Mobile[[#This Row],[Purchase Date]]="","NA",EDATE(JiO_SIM_Mobile[[#This Row],[Purchase Date]],12)),"NA") -> 45794 | R28: eSiM | U28: Activated
A29: =ROW()-ROW(JiO_SIM_Mobile[[#Headers],[Sr. No.]]) -> 28 | B29: 9923602891 | C29: 0 | D29: =IF(JiO_SIM_Mobile[[#This Row],[Employee Code]]=0,"-",IFERROR(IF(INDEX('EMP Info'!$B:$B, MATCH(TEXT(JiO_SIM_Mobile[[#This Row],[Employee Code]],"00000"), 'EMP Info'!$A:$A, 0))=0,"",INDEX('EMP Info'!$B:$B, MATCH(TEXT(JiO_SIM_Mobile[[#This Row],[Employee Code]],"00000"), 'EMP Info'!$A:$A, 0))),IFERROR(VLOOKUP(TEXT(JiO_SIM_Mobile[[#This Row],[Employee Code]],"00000"), 'EMP Info'!$A:$D, 2, FALSE) & " (" & VLOOKUP(TEXT(JiO_SIM_Mobile[[#This Row],[Employee Code]],"00000"), 'EMP Info'!$A:$D,4, FALSE) & ")",""))) -> - | E29: Account | F29: SMS Account | G29: Virendra Bandi | I29: Basic Keypad Phone | J29: Jio Phone | L29: =IFERROR(IF(JiO_SIM_Mobile[[#This Row],[Warranty Date]]<TODAY(), "Out of Warranty", IF(JiO_SIM_Mobile[[#This Row],[Warranty Date]]-TODAY()<=30, "Expiring Soon", "In Warranty")),"-") -> - | M29: =IFERROR(IF(JiO_SIM_Mobile[[#This Row],[Purchase Date]]="","NA",EDATE(JiO_SIM_Mobile[[#This Row],[Purchase Date]],12)),"NA") -> NA | U29: Activated
A30: =ROW()-ROW(JiO_SIM_Mobile[[#Headers],[Sr. No.]]) -> 29 | B30: 9923602892 | C30: 22 | D30: =IF(JiO_SIM_Mobile[[#This Row],[Employee Code]]=0,"-",IFERROR(IF(INDEX('EMP Info'!$B:$B, MATCH(TEXT(JiO_SIM_Mobile[[#This Row],[Employee Code]],"00000"), 'EMP Info'!$A:$A, 0))=0,"",INDEX('EMP Info'!$B:$B, MATCH(TEXT(JiO_SIM_Mobile[[#This Row],[Employee Code]],"00000"), 'EMP Info'!$A:$A, 0))),IFERROR(VLOOKUP(TEXT(JiO_SIM_Mobile[[#This Row],[Employee Code]],"00000"), 'EMP Info'!$A:$D, 2, FALSE) & " (" & VLOOKUP(TEXT(JiO_SIM_Mobile[[#This Row],[Employee Code]],"00000"), 'EMP Info'!$A:$D,4, FALSE) & ")",""))) -> Savala Jagannath Kumbhar | E30: =IF(JiO_SIM_Mobile[[#This Row],[Employee Code]]=0,"-",IFERROR(IF(INDEX('EMP Info'!$C:$C, MATCH(TEXT(JiO_SIM_Mobile[[#This Row],[Employee Code]],"00000"), 'EMP Info'!$A:$A, 0))=0,"",INDEX('EMP Info'!$C:$C, MATCH(TEXT(JiO_SIM_Mobile[[#This Row],[Employee Code]],"00000"), 'EMP Info'!$A:$A, 0))),IFERROR(VLOOKUP(TEXT(JiO_SIM_Mobile[[#This Row],[Employee Code]],"00000"), 'EMP Info'!$A:$D, 2, FALSE) & " (" & VLOOKUP(TEXT(JiO_SIM_Mobile[[#This Row],[Employee Code]],"00000"), 'EMP Info'!$A:$D,4, FALSE) & ")",""))) -> Electrical | I30: Basic Keypad Phone | J30: Karbonn Bharat K1 | K30: 45449 | L30: =IFERROR(IF(JiO_SIM_Mobile[[#This Row],[Warranty Date]]<TODAY(), "Out of Warranty", IF(JiO_SIM_Mobile[[#This Row],[Warranty Date]]-TODAY()<=30, "Expiring Soon", "In Warranty")),"-") -> Out of Warranty | M30: =IFERROR(IF(JiO_SIM_Mobile[[#This Row],[Purchase Date]]="","NA",EDATE(JiO_SIM_Mobile[[#This Row],[Purchase Date]],12)),"NA") -> 45814 | S30: 89918640400145248832 | U30: Activated
A31: =ROW()-ROW(JiO_SIM_Mobile[[#Headers],[Sr. No.]]) -> 30 | B31: 9923602896 | C31: 379 | D31: =IF(JiO_SIM_Mobile[[#This Row],[Employee Code]]=0,"-",IFERROR(IF(INDEX('EMP Info'!$B:$B, MATCH(TEXT(JiO_SIM_Mobile[[#This Row],[Employee Code]],"00000"), 'EMP Info'!$A:$A, 0))=0,"",INDEX('EMP Info'!$B:$B, MATCH(TEXT(JiO_SIM_Mobile[[#This Row],[Employee Code]],"00000"), 'EMP Info'!$A:$A, 0))),IFERROR(VLOOKUP(TEXT(JiO_SIM_Mobile[[#This Row],[Employee Code]],"00000"), 'EMP Info'!$A:$D, 2, FALSE) & " (" & VLOOKUP(TEXT(JiO_SIM_Mobile[[#This Row],[Employee Code]],"00000"), 'EMP Info'!$A:$D,4, FALSE) & ")",""))) -> Yogesh Laxmaiah Ailolla | E31: =IF(JiO_SIM_Mobile[[#This Row],[Employee Code]]=0,"-",IFERROR(IF(INDEX('EMP Info'!$C:$C, MATCH(TEXT(JiO_SIM_Mobile[[#This Row],[Employee Code]],"00000"), 'EMP Info'!$A:$A, 0))=0,"",INDEX('EMP Info'!$C:$C, MATCH(TEXT(JiO_SIM_Mobile[[#This Row],[Employee Code]],"00000"), 'EMP Info'!$A:$A, 0))),IFERROR(VLOOKUP(TEXT(JiO_SIM_Mobile[[#This Row],[Employee Code]],"00000"), 'EMP Info'!$A:$D, 2, FALSE) & " (" & VLOOKUP(TEXT(JiO_SIM_Mobile[[#This Row],[Employee Code]],"00000"), 'EMP Info'!$A:$D,4, FALSE) & ")",""))) -> Project | G31: Pravin Patil | I31: Basic Keypad Phone | J31: Jio Bharat Basic phone | K31: 45436 | L31: =IFERROR(IF(JiO_SIM_Mobile[[#This Row],[Warranty Date]]<TODAY(), "Out of Warranty", IF(JiO_SIM_Mobile[[#This Row],[Warranty Date]]-TODAY()<=30, "Expiring Soon", "In Warranty")),"-") -> Out of Warranty | M31: =IFERROR(IF(JiO_SIM_Mobile[[#This Row],[Purchase Date]]="","NA",EDATE(JiO_SIM_Mobile[[#This Row],[Purchase Date]],12)),"NA") -> 45801 | U31: Activated
